"Sgroup_contrast","uniprotname","LogFC","fscore"
"_A4-Fuk vs A3-KAW","PAK6",-0.685390578512057,3.00498133278688
"_A4-Fuk vs A3-KAW","PRKACA",-0.861113273985,2.26250597063348
"_A4-Fuk vs A3-KAW","PRKG1",-1.27750930510325,2.79121403193105
"_A4-Fuk vs A3-KAW","PRKG2",-1.36402929901101,2.57590311301116
"_A4-Fuk vs A3-KAW","PRKX",-0.768661730123865,2.907194713784
"_A4-Fuk vs A3-KAW","RPS6KA5",-1.23091852925355,2.72309048303659
"_A4-Fuk vs A3-KAW","RPS6KB2",-0.693328323118769,2.74886576122866
"_HT vs A4-Fuk","CAMK2A",0.882278722835376,2.88885010525632
"_HT vs A4-Fuk","CAMK2D",1.03344649252095,2.46669522862845
"_HT vs A4-Fuk","CSNK1A1L",0.737319825826763,3.15797974628313
"_HT vs A4-Fuk","PNCK",1.0795207661266,2.57668597626918
"_HT vs A4-Fuk","PRKACA",0.99062030139197,3.02601336071425
"_HT vs A4-Fuk","PRKCA",1.02951165345447,2.96416316225016
"_HT vs A4-Fuk","PRKG1",1.11078874714618,2.77235799231361
"_HT vs A4-Fuk","PRKG2",1.08297765888379,2.80877527420963
"_HT vs A4-Fuk","RPS6KA5",1.35198927528026,2.40015198537428
"_HT vs A4-Fuk","RPS6KB2",0.654632959073157,2.55065082489253
"_HT vs A4-Fuk","STK32C",1.1035890501227,2.94093358724838
"_MC-116 vs A4-Fuk","CSNK1A1L",1.81664519084902,3.0307852406288
"_MC-116 vs A4-Fuk","PRKACA",1.50237385155628,2.47136972723146
"_MC-116 vs A4-Fuk","PRKG1",1.5752198713308,2.49343601343573
"_MC-116 vs A4-Fuk","PRKG2",1.69431005280439,2.678260756168
"_MC-116 vs A4-Fuk","PRKX",1.48995478069169,2.45833453564876
"_MC-116 vs A4-Fuk","RPS6KA5",1.36882625741833,2.74363910409273
"_MC-116 vs A4-Fuk","RPS6KB2",0.695306910506907,2.4104002390641
"_MC-116 vs A4-Fuk","SIK3",1.47667863243355,2.47389632039839
"_MC-116 vs A4-Fuk","TSSK2",2.03679260100524,2.50406378635954
"_A4-Fuk vs A3-KAW","PRKACB",-1.13913991574924,2.60159087589304
"_HT vs A4-Fuk","PRKACB",0.550284787030104,2.38907793307709
"_HT vs A4-Fuk","RPS6KA4",0.819725087001286,2.4328671132952
"_MC-116 vs A4-Fuk","CAMK2A",1.6723218279965,2.67790057767116
"_MC-116 vs A4-Fuk","CAMK2D",1.20106442717106,2.5178737920719
"_MC-116 vs A4-Fuk","PRKCA",1.32534661402597,2.48289533715784
"_A4-Fuk vs A3-KAW","CAMK1D",-1.25614292796376,2.33258477786889
"_A4-Fuk vs A3-KAW","CSNK1A1L",-1.13123618630807,2.41656650978706
"_A4-Fuk vs A3-KAW","PNCK",-0.908410039730813,2.37772633962418
"_HT vs A4-Fuk","PHKG2",0.509402149963673,2.25725788187375
"_HT vs A4-Fuk","PRKX",0.700001412660992,2.39583254463064
"_HT vs A4-Fuk","TTK",0.968485592748856,2.43022947628856
"_MC-116 vs A4-Fuk","PAK6",0.963241230962461,2.1972158944784
"_MC-116 vs A4-Fuk","RPS6KA4",1.06400783189077,2.14502149474602
"_A4-Fuk vs A3-KAW","SNRK",-0.570479927935268,2.02752699353832
"_HT vs A4-Fuk","PAK6",0.3974549676407,1.96544346455544
"_HT vs A4-Fuk","PKN2",1.05662962745522,2.56070344182567
"_HT vs A4-Fuk","PRKCD",0.900109880883059,2.29711449947825
"_MC-116 vs A4-Fuk","SNRK",0.619766786875701,2.09513961674187
"_MC-116 vs A4-Fuk","STK32C",1.03295675807689,1.81945676235705
"_A4-Fuk vs A3-KAW","STK32C",-0.567911617686858,1.9699888745622
"_HT vs A4-Fuk","CAMK2G",0.89208863592675,2.41069735794866
"_HT vs A4-Fuk","EIF2AK3",1.05881064135825,1.72843094615249
"_MC-116 vs A4-Fuk","PRKACB",1.09640449587316,2.07838523802721
"_A4-Fuk vs A3-KAW","RPS6KA4",-0.912280261771808,1.98845050931184
"_HT vs A4-Fuk","CAMK4",0.529532981890945,1.84105450148473
"_HT vs A4-Fuk","SIK3",0.732668064043597,1.83886971183675
"_MC-116 vs A4-Fuk","EIF2AK3",0.871896876984686,1.92324653617052
"_HT vs A4-Fuk","PRKD1",1.54264536646747,1.70951312800289
"_MC-116 vs A4-Fuk","MARK2",1.50176156841364,1.98356883300325
"_MC-116 vs A4-Fuk","PKN2",1.69829090413064,1.67350338614099
"_MC-116 vs A4-Fuk","PRKAA1",1.57524081266236,1.95908978049156
"_A4-Fuk vs A3-KAW","TSSK2",-1.36974864192448,1.37250249489186
"_HT vs A4-Fuk","EIF2AK1",0.773624240067053,1.89975537904629
"_HT vs A4-Fuk","PSKH1",1.57827780865644,1.71674366752816
"_MC-116 vs A4-Fuk","CAMK2G",1.50907674700505,2.14905356825583
"_MC-116 vs A4-Fuk","PHKG2",0.932146056461158,1.95168536641322
"_A4-Fuk vs A3-KAW","EIF2AK3",-0.851514450446393,1.90120929397199
"_MC-116 vs A4-Fuk","CAMK1",1.52312367404881,1.68511636711645
"_MC-116 vs A4-Fuk","EIF2AK1",1.33282913140532,1.69517179755807
"_MC-116 vs A4-Fuk","PAK4",1.20573150432384,1.91840570198252
"_MC-116 vs A4-Fuk","PNCK",1.15433401715553,1.61338813508175
"_MC-116 vs A4-Fuk","PRKD1",1.77479335221272,2.08926497227397
"_A4-Fuk vs A3-KAW","PHKG2",-0.452046199758782,1.72638547765934
"_A4-Fuk vs A3-KAW","PRKCA",-1.17571981078841,1.92407291689038
"_A4-Fuk vs A3-KAW","TTK",-1.66596638542191,1.70941386041617
"_A4-Fuk vs A3-KAW","PRKAA1",-1.24152347886426,1.6401119508268
"_A4-Fuk vs A3-KAW","CAMK4",-0.899391609702888,1.92478072484076
"_A4-Fuk vs A3-KAW","EIF2AK1",-1.0297914577968,1.69742946912671
"_HT vs A4-Fuk","CAMK1",0.791420391191386,1.59497826249113
"_HT vs A4-Fuk","CAMK1D",0.596988905363877,1.83268216896659
"_MC-116 vs A4-Fuk","CAMK1D",1.23317810239329,1.32681317021231
"_A4-Fuk vs A3-KAW","CAMK2D",-0.909938796552626,1.54072712338327
"_A4-Fuk vs A3-KAW","MYLK4",-0.77344056632401,1.90043573286918
"_HT vs A4-Fuk","SNRK",0.422247126996178,1.77087371315137
"_A4-Fuk vs A3-KAW","CAMK2A",-0.943521617530501,1.62549081743206
"_HT vs A4-Fuk","TSSK2",0.961411726773815,1.56267646503604
"_MC-116 vs A4-Fuk","SGK1",1.14953180570245,1.61529316746361
"_A4-Fuk vs A3-KAW","SGK3",-0.756209045320397,1.524626162564
"_HT vs A4-Fuk","PAK4",0.389751344331103,1.74988830255836
"_A4-Fuk vs A3-KAW","MAP3K12",1.19601249480464,1.41132621359366
"_A4-Fuk vs A3-KAW","PRKD1",-1.05931875136862,1.49185942438587
"_A4-Fuk vs A3-KAW","SIK3",-0.710756610454974,1.04658483998582
"_HT vs A4-Fuk","PRKAA1",1.12258238128291,1.52166832025592
"_A4-Fuk vs A3-KAW","PAK4",-0.695465498945403,1.42322028560093
"_A4-Fuk vs A3-KAW","PKN2",-0.853240429732371,1.40394079616906
"_HT vs A4-Fuk","STK38L",0.890925807458335,1.46985785065753
"_MC-116 vs A4-Fuk","CAMK4",1.22164035571879,1.37823937113174
"_MC-116 vs A4-Fuk","PSKH1",2.25342122617631,1.32774107144768
"_MC-116 vs A4-Fuk","TSSK1B",1.70667038313315,1.30052756107157
"_HT vs A4-Fuk","PRKCE",0.427528605114118,1.14911480252095
"_HT vs A4-Fuk","SGK1",0.58309734929807,1.3212096203135
"_MC-116 vs A4-Fuk","CSNK1D",1.79530308334468,1.56262056362605
"_MC-116 vs A4-Fuk","CAMK2B",1.48785082320028,1.35249941732898
"_A4-Fuk vs A3-KAW","CAMK2G",-1.30022403996785,1.24454235758312
"_A4-Fuk vs A3-KAW","IKBKB",-1.28469724667069,1.28337117863766
"_HT vs A4-Fuk","SGK3",0.401859510433996,1.08449216268679
"_HT vs A4-Fuk","ALPK1",0.942350499704414,1.51652309599887
"_HT vs A4-Fuk","CAMK2B",0.979628998210695,1.15496710555602
"_HT vs A4-Fuk","PKN3",0.959588579502444,1.35087845686496
"_MC-116 vs A4-Fuk","PAK5",1.09275333366074,1.38839637572045
"_A4-Fuk vs A3-KAW","MAPK1",0.862870656759352,0.955431962637113
"_A4-Fuk vs A3-KAW","NEK6",-1.07706969356161,1.17316042226101
"_A4-Fuk vs A3-KAW","PSKH1",-1.12444956082855,1.06552794709468
"_HT vs A4-Fuk","CSNK1D",1.56109819036702,1.43082211670122
"_HT vs A4-Fuk","CDK15",1.44063851192708,1.42107564222141
"_HT vs A4-Fuk","MASTL",-0.650549387738475,0.933289980562979
"_MC-116 vs A4-Fuk","SIK1",1.09679760629506,0.954558896125952
"_MC-116 vs A4-Fuk","STK38L",1.31174337862541,1.38189478473637
"_HT vs A4-Fuk","NEK6",0.873514213223738,1.21199117386893
"_HT vs A4-Fuk","PAK5",0.510161231585432,1.20529808442581
"_HT vs A4-Fuk","TSSK1B",0.644059614186141,0.700229683916002
"_A4-Fuk vs A3-KAW","MAPK10",1.18335859923647,0.992857578930042
"_A4-Fuk vs A3-KAW","MAPK8",0.74352002513298,1.10100032072849
"_HT vs A4-Fuk","MARK2",0.558397089272145,1.11758844427305
"_HT vs A4-Fuk","IKBKB",0.874343349868455,1.09220472672202
"_MC-116 vs A4-Fuk","AKT3",0.919593468403919,0.741784295325537
"_MC-116 vs A4-Fuk","SGK3",0.750779896636219,1.31527217672782
"_MC-116 vs A4-Fuk","TTK",1.69090250915942,1.09805982528666
"_A4-Fuk vs A3-KAW","MAPK12",0.655009902119423,0.812255800299532
"_HT vs A4-Fuk","CHEK2",0.427778654074764,1.1830811926628
"_MC-116 vs A4-Fuk","NEK6",1.28903065793464,0.867356842742956
"_A4-Fuk vs A3-KAW","MAPK3",0.786181762013862,1.54357751748327
"_A4-Fuk vs A3-KAW","MOK",0.465980582440815,1.09890379085653
"_A4-Fuk vs A3-KAW","TSSK1B",-0.748116149398628,1.15094811424174
"_HT vs A4-Fuk","MYLK4",0.670218601196843,0.860605178221246
"_A4-Fuk vs A3-KAW","CSNK1D",-1.55550059737434,1.1851275600419
"_HT vs A4-Fuk","CSNK1G2",0.59778287092809,1.04706153267037
"_HT vs A4-Fuk","SGK2",0.560143598046282,1.37037294098517
"_HT vs A4-Fuk","MAP3K9",0.480978473480051,1.074229982808
"_MC-116 vs A4-Fuk","MYLK",0.877060721087253,0.858616870466805
"_A4-Fuk vs A3-KAW","CDK9",0.699679324401449,1.20663292080971
"_MC-116 vs A4-Fuk","PRKD3",0.954268211274887,0.989925894337163
"_A4-Fuk vs A3-KAW","CDK2",0.64717508944406,0.876218649449538
"_A4-Fuk vs A3-KAW","CDK4",0.440354777191536,0.874169574257873
"_A4-Fuk vs A3-KAW","NEK7",-0.645123868610618,0.997356864726809
"_HT vs A4-Fuk","ACVR2A",0.45833479204837,0.732042147546764
"_HT vs A4-Fuk","PLK1",0.407897472043725,1.02062224568435
"_HT vs A4-Fuk","MAPK12",-0.390807508549543,1.0974358400731
"_HT vs A4-Fuk","MKNK2",0.513479648414764,1.31893290451535
"_A4-Fuk vs A3-KAW","MAPK13",0.745952111954445,1.01876443976659
"_A4-Fuk vs A3-KAW","SGK1",-0.660246399400525,1.16202087413297
"_HT vs A4-Fuk","NEK7",0.601880491313966,0.833269636716283
"_MC-116 vs A4-Fuk","PRKCD",0.820293321814367,1.05779232154526
"_A4-Fuk vs A3-KAW","PRKCD",-0.777455582378235,0.646963835884917
"_MC-116 vs A4-Fuk","AURKA",0.936105697520637,0.722004470262187
"_A4-Fuk vs A3-KAW","MAPK7",0.918039893631881,0.808626452799608
"_A4-Fuk vs A3-KAW","PKN3",-0.805576484044875,0.911364422694449
"_A4-Fuk vs A3-KAW","STK38L",-0.735794681088602,1.01864059081769
"_HT vs A4-Fuk","AURKA",0.503627083433662,0.853297581574031
"_MC-116 vs A4-Fuk","CSNK1G3",1.23201333355351,0.931030627920998
"_MC-116 vs A4-Fuk","IKBKB",1.34988337298832,0.82160780263948
"_MC-116 vs A4-Fuk","PKN3",1.18841385976911,0.902661353220506
"_A4-Fuk vs A3-KAW","ALPK1",-1.06343020429292,0.661721262076038
"_A4-Fuk vs A3-KAW","PASK",-1.18513385539045,0.811533669541643
"_HT vs A4-Fuk","PLK3",1.12565269726526,0.784140132001026
"_MC-116 vs A4-Fuk","SGK2",0.940754104297155,0.970204119185046
"_A4-Fuk vs A3-KAW","CDK1",0.745390252948155,1.42759438981633
"_HT vs A4-Fuk","CDK9",-0.43935180863466,0.980032872329296
"_HT vs A4-Fuk","PRKCQ",0.17894069490615,1.09011066069969
"_A4-Fuk vs A3-KAW","MARK2",-0.942392587457082,1.00261773899257
"_MC-116 vs A4-Fuk","NEK7",0.56482645450292,0.641373346046469
"_HT vs A4-Fuk","MAPK8",-0.711500278240387,0.812247026620846
"_HT vs A4-Fuk","PRKCB",0.350051607438015,1.18586854764996
"_MC-116 vs A4-Fuk","CDK15",1.59696967622887,0.931908685285762
"_A4-Fuk vs A3-KAW","CDK15",-1.63964225711782,0.87055378147813
"_HT vs A4-Fuk","AKT3",0.510675658052666,0.869523571756888
"_HT vs A4-Fuk","SIK2",0.35188702967143,0.748714768362148
"_A4-Fuk vs A3-KAW","ACVR2A",-0.92901479353724,0.838164709203334
"_A4-Fuk vs A3-KAW","PLK1",-0.978369028835857,0.878340821325358
"_A4-Fuk vs A3-KAW","GSK3A",1.40894798194211,1.24383690915704
"_HT vs A4-Fuk","CLK4",-0.970384464827479,0.720839753857779
"_HT vs A4-Fuk","PRKCH",0.626058283290631,0.866751772979768
"_A4-Fuk vs A3-KAW","CAMK1",-0.864208010097316,0.752283059946807
"_HT vs A4-Fuk","MAPK10",-0.556900649123198,1.20151950912685
"_MC-116 vs A4-Fuk","ACVR2A",1.03155618078691,0.867774870762042
"_MC-116 vs A4-Fuk","CHEK2",0.785205798374527,0.588826811101508
"_MC-116 vs A4-Fuk","PLK1",0.84134277767843,0.958550331228373
"_A4-Fuk vs A3-KAW","CDK5",0.792259774390865,0.831608019479611
"_MC-116 vs A4-Fuk","MAP3K9",0.430460021666102,1.25859292945239
"_A4-Fuk vs A3-KAW","CHUK",-1.11097301664868,0.632549648336023
"_A4-Fuk vs A3-KAW","RIPK2",-0.432608526407665,1.04672522753083
"_HT vs A4-Fuk","SIK1",0.533224858757108,1.04068995231922
"_MC-116 vs A4-Fuk","MASTL",-0.729078441078275,0.754093130297029
"_A4-Fuk vs A3-KAW","MAP3K9",-0.674294935193496,0.723295915304232
"_HT vs A4-Fuk","CDK19",-1.47382486255967,0.83472978364223
"_HT vs A4-Fuk","CDK2",-0.791107138688585,0.981922763587443
"_MC-116 vs A4-Fuk","MYLK4",0.755006707444671,0.524778921262681
"_MC-116 vs A4-Fuk","PASK",1.41109975678606,1.01162658756348
"_A4-Fuk vs A3-KAW","MAPK9",0.93549270335748,0.96103292045829
"_HT vs A4-Fuk","CHUK",1.48316299707674,0.914546724253378
"_A4-Fuk vs A3-KAW","PIM2",-0.462362276472358,0.602616066632673
"_A4-Fuk vs A3-KAW","MOS",-0.726625215192667,0.751494945128189
"_A4-Fuk vs A3-KAW","PIM1",-0.624810927755892,0.790213316663193
"_MC-116 vs A4-Fuk","CSNK1G2",0.70782177242169,1.20149696502585
"_A4-Fuk vs A3-KAW","AKT3",-0.815044204631925,0.99592768695767
"_A4-Fuk vs A3-KAW","PLK3",-0.989923670346892,1.03214908737207
"_HT vs A4-Fuk","PKN1",0.481181165120658,0.780537135213737
"_MC-116 vs A4-Fuk","PLK3",1.27053668362209,0.640364145552143
"_A4-Fuk vs A3-KAW","MASTL",0.552514147586621,0.963473897290891
"_MC-116 vs A4-Fuk","SIK2",0.884142505012768,0.977509827570165
"_HT vs A4-Fuk","CDK5",-0.858824386155455,0.798425990861111
"_MC-116 vs A4-Fuk","ALPK1",1.01130585852986,0.605128130454572
"_HT vs A4-Fuk","MYLK",0.714958223349526,0.655959091209135
"_HT vs A4-Fuk","RPS6KA3",0.37927401308418,0.827794681342413
"_MC-116 vs A4-Fuk","NIM1K",0.805038427904778,0.954401493426854
"_HT vs A4-Fuk","CDK13",-0.485544105245393,0.847888981476287
"_HT vs A4-Fuk","CSNK1G3",0.895070402330226,0.608560591207558
"_MC-116 vs A4-Fuk","MOS",0.666754078426734,0.784668224319256
"_A4-Fuk vs A3-KAW","MAPKAPK5",-0.301678915475647,0.683437223234358
"_HT vs A4-Fuk","MAPK1",-0.620401758325547,0.838115593175919
"_MC-116 vs A4-Fuk","MAPKAPK5",0.500312885926324,1.01104991274395
"_A4-Fuk vs A3-KAW","MYLK",-0.590105087784919,0.793401595693731
"_A4-Fuk vs A3-KAW","TEX14",0.977294168408369,0.967681707876692
"_A4-Fuk vs A3-KAW","HIPK3",0.77231936650808,0.590431355243066
"_HT vs A4-Fuk","MOS",0.44450183048427,0.750952761128479
"_HT vs A4-Fuk","CDK1",-0.575509371570003,0.544633529902865
"_A4-Fuk vs A3-KAW","CDK13",0.774969274959196,1.22317572964534
"_HT vs A4-Fuk","HIPK3",-0.532965457238969,0.668623212734957
"_MC-116 vs A4-Fuk","PRKD2",1.07743507484707,0.648866239064445
"_MC-116 vs A4-Fuk","PKN1",0.698280939914761,0.38101138811839
"_MC-116 vs A4-Fuk","MAPK12",-0.784579522105713,0.52726076709665
"_A4-Fuk vs A3-KAW","BRAF",1.0157643490368,0.627668431997409
"_A4-Fuk vs A3-KAW","SRPK1",0.87086540058687,0.793582531567612
"_HT vs A4-Fuk","IRAK4",0.323493997031913,0.83161713444954
"_MC-116 vs A4-Fuk","PRKCE",0.932251758705417,0.735262525593303
"_MC-116 vs A4-Fuk","GSK3A",-1.68616199642592,0.621020408955792
"_A4-Fuk vs A3-KAW","GRK2",1.67516764190321,0.695501088714637
"_HT vs A4-Fuk","CDK18",-0.866620685618585,0.61902140004696
"_A4-Fuk vs A3-KAW","MAPK11",0.631582207806069,0.61122937553025
"_HT vs A4-Fuk","MAPK7",-0.569529431148722,0.666648942263884
"_HT vs A4-Fuk","PASK",0.707426566627975,1.07091967503031
"_MC-116 vs A4-Fuk","CDK2",-0.975627940924354,0.769034215808139
"_HT vs A4-Fuk","PRKD3",0.247405749878885,0.527974540096843
"_MC-116 vs A4-Fuk","CSNK1E",0.843116301690212,0.751069592813174
"_MC-116 vs A4-Fuk","MAPK7",-0.649358204705282,0.772066838000921
"_A4-Fuk vs A3-KAW","CDK19",1.51554566710692,0.722454691278199
"_HT vs A4-Fuk","MAP3K10",-0.197373812957653,0.607809163470196
"_HT vs A4-Fuk","SRPK1",-0.716178876778805,0.848816216658799
"_A4-Fuk vs A3-KAW","PAK1",1.1096201059228,0.728834081384152
"_MC-116 vs A4-Fuk","MAPK8",-0.953621807719816,0.473253970528553
"_A4-Fuk vs A3-KAW","DYRK1A",1.12728507358213,0.805705868985966
"_HT vs A4-Fuk","PRKD2",0.300063648499337,0.50144671549138
"_A4-Fuk vs A3-KAW","SGK2",-0.760341159705724,0.394407803444418
"_HT vs A4-Fuk","CDK10",0.474348917825258,0.621930059027316
"_HT vs A4-Fuk","CDK12",-0.53268186642801,0.526252347367487
"_HT vs A4-Fuk","ERN1",0.343880770203083,0.432194996529195
"_HT vs A4-Fuk","STK26",0.405352066862278,0.171224933525995
"_HT vs A4-Fuk","MAPK9",-0.401423037460724,0.760294207740969
"_HT vs A4-Fuk","NIM1K",0.917704368296827,0.572810637871976
"_HT vs A4-Fuk","CDK4",-0.419906564395012,0.69686849713893
"_MC-116 vs A4-Fuk","MYLK3",0.446760855723863,0.57629367227304
"_MC-116 vs A4-Fuk","MAPK1",-0.660015719612682,0.556267342366824
"_MC-116 vs A4-Fuk","MAPK10",-1.2955217949087,0.879335553155336
"_MC-116 vs A4-Fuk","PRKACG",0.640630543853502,0.472922846057671
"_HT vs A4-Fuk","CIT",-0.393205971074114,0.703791680273581
"_A4-Fuk vs A3-KAW","CDC42BPB",-0.332519869127487,0.280935717775963
"_A4-Fuk vs A3-KAW","CLK4",0.648997455309012,0.711574076943647
"_HT vs A4-Fuk","CLK1",-0.763046150174023,0.711816664433183
"_HT vs A4-Fuk","PRKCG",0.478576278899493,0.736275588015998
"_A4-Fuk vs A3-KAW","PRKCE",-0.725337383315564,0.662660660166391
"_HT vs A4-Fuk","CLK2",-0.610719178532047,0.462509773020234
"_A4-Fuk vs A3-KAW","DAPK1",-0.518617334674452,0.522418244550409
"_A4-Fuk vs A3-KAW","PRKD3",-0.392604304127371,0.884501889979128
"_MC-116 vs A4-Fuk","CHUK",1.05003994698975,0.823190383124172
"_MC-116 vs A4-Fuk","RPS6KA3",0.584329043105509,0.669726711408122
"_A4-Fuk vs A3-KAW","GRK3",0.997697739416945,0.42189862977801
"_A4-Fuk vs A3-KAW","MYO3B",0.716039041455093,0.670763290452395
"_A4-Fuk vs A3-KAW","MAP3K10",0.393161930165137,0.692483187575639
"_A4-Fuk vs A3-KAW","PKN1",-0.458704747982563,0.746640196590721
"_A4-Fuk vs A3-KAW","MKNK2",-0.400287654083615,0.426576646732394
"_HT vs A4-Fuk","MAPK13",-0.603066473494932,0.640451095551468
"_HT vs A4-Fuk","PIM1",0.606216704828621,0.708376732214553
"_MC-116 vs A4-Fuk","MKNK2",0.947795920009835,0.390517636019874
"_HT vs A4-Fuk","MYLK3",0.387423708392631,0.356098433751001
"_HT vs A4-Fuk","PRKACG",0.445557654027352,0.795059683685025
"_MC-116 vs A4-Fuk","PRKCB",0.698398814712722,0.448528748915976
"_MC-116 vs A4-Fuk","RIPK2",0.330410364835296,0.439340122897098
"_A4-Fuk vs A3-KAW","CDK12",0.199923360279733,0.689341719373518
"_A4-Fuk vs A3-KAW","PAK5",-0.530491314462361,0.774496685834504
"_A4-Fuk vs A3-KAW","AKT1",-0.370327368410434,0.664070651740762
"_A4-Fuk vs A3-KAW","MYO3A",1.13998490220138,0.517047744891667
"_HT vs A4-Fuk","MAPKAPK5",0.725912590916649,0.603670344768321
"_HT vs A4-Fuk","TEX14",-0.415290974088553,0.327349339656565
"_HT vs A4-Fuk","DYRK1A",-0.828610807463042,0.476227628265926
"_MC-116 vs A4-Fuk","MAP3K5",0.580030319375293,0.382347856984419
"_HT vs A4-Fuk","MAPK14",-0.605760665572042,0.232970473504229
"_HT vs A4-Fuk","STK11",-0.457731698992537,0.604051039934268
"_HT vs A4-Fuk","MYO3A",-0.633598891063963,0.456101626654931
"_A4-Fuk vs A3-KAW","CDK11A",0.814188127042285,0.881994362465124
"_HT vs A4-Fuk","MAPK11",-0.568140863864659,0.370958484076507
"_A4-Fuk vs A3-KAW","MAPK14",0.528194699745678,0.736495295776949
"_MC-116 vs A4-Fuk","AURKC",0.806365307266738,0.859001455065912
"_MC-116 vs A4-Fuk","CDK12",-0.670470645087667,0.349743826310168
"_MC-116 vs A4-Fuk","CDK5",-0.829128599903913,0.594355768548079
"_HT vs A4-Fuk","MAPK3",-0.757875458497658,0.280669793822119
"_MC-116 vs A4-Fuk","CDK9",-0.620896043164955,0.777978211530445
"_A4-Fuk vs A3-KAW","CHEK2",-0.360351880035557,0.599622375587163
"_HT vs A4-Fuk","AKT2",0.549061941494902,0.498430462612721
"_MC-116 vs A4-Fuk","CDK13",-0.606844418203915,0.556015966619219
"_MC-116 vs A4-Fuk","COQ8A",-0.614518470392499,0.767878023699933
"_MC-116 vs A4-Fuk","MAPK9",-0.362745224521507,0.503947056151802
"_MC-116 vs A4-Fuk","CDK11A",-0.697664504152396,0.868379976590074
"_A4-Fuk vs A3-KAW","CILK1",0.612734592963343,0.32979732155935
"_A4-Fuk vs A3-KAW","MAK",0.846611784313576,0.504218774804
"_HT vs A4-Fuk","VRK1",-0.574203406531996,0.506543297009112
"_A4-Fuk vs A3-KAW","SIK2",-0.367141273613474,0.798176881032649
"_HT vs A4-Fuk","MOK",-0.485771731516459,0.0943937330801595
"_A4-Fuk vs A3-KAW","CAMK1G",-0.731623624762514,0.364138338175598
"_A4-Fuk vs A3-KAW","MAP3K5",-1.09600375606465,0.737240298293677
"_HT vs A4-Fuk","RIPK2",-0.185058095956317,0.591775158438899
"_A4-Fuk vs A3-KAW","NIM1K",-0.445561529832793,0.60567519380447
"_HT vs A4-Fuk","PRKCI",0.522157208769593,0.481027501578794
"_HT vs A4-Fuk","CDKL2",-1.1913434256999,0.551142227163939
"_MC-116 vs A4-Fuk","DAPK1",0.602350357122736,0.565699974481568
"_A4-Fuk vs A3-KAW","CSNK1G3",-0.707743147849301,0.731231042049929
"_A4-Fuk vs A3-KAW","DCLK3",1.09904952990353,0.58433080416812
"_HT vs A4-Fuk","NEK3",-0.581255168730475,0.441446864052117
"_A4-Fuk vs A3-KAW","HUNK",-0.307048111900246,0.603694872424095
"_A4-Fuk vs A3-KAW","PRKD2",-0.827754278770287,0.572669346439131
"_MC-116 vs A4-Fuk","PAK2",0.683881221712693,0.673192925530938
"_MC-116 vs A4-Fuk","MAPK3",-0.415446245887352,0.577523210141792
"_HT vs A4-Fuk","MAP3K12",-0.528069747244047,0.495423045126271
"_HT vs A4-Fuk","GSK3A",-0.997559944217746,0.254465541345372
"_MC-116 vs A4-Fuk","MARK1",0.57739321256174,0.675742468184779
"_A4-Fuk vs A3-KAW","STK11",0.30129044960032,0.398121342530687
"_MC-116 vs A4-Fuk","PRKCQ",0.585663090148629,0.649181992382582
"_A4-Fuk vs A3-KAW","SIK1",-0.449509511560747,0.568107404546582
"_A4-Fuk vs A3-KAW","CDK18",0.574968542711685,0.59071723159763
"_MC-116 vs A4-Fuk","CDK19",-1.02898933692298,0.747671543886896
"_MC-116 vs A4-Fuk","ERN1",0.296307988396773,0.78569799860361
"_A4-Fuk vs A3-KAW","MAPK15",0.378937826258466,0.492272779497881
"_HT vs A4-Fuk","TRPM7",0.0620802921490227,0.553494091371464
"_A4-Fuk vs A3-KAW","CDK3",0.420234190124092,0.379852547377131
"_HT vs A4-Fuk","CILK1",-0.733280663993761,0.427916891952045
"_A4-Fuk vs A3-KAW","AURKA",-0.169033116191426,0.249612288947774
"_A4-Fuk vs A3-KAW","TBK1",0.924058062059827,0.39478681324926
"_HT vs A4-Fuk","AKT1",0.446868193890224,0.566586495924592
"_HT vs A4-Fuk","RPS6KA2",0.293017299997279,0.506934976934352
"_A4-Fuk vs A3-KAW","RAF1",0.442287908901879,0.398167020056841
"_A4-Fuk vs A3-KAW","RPS6KA3",-0.27585992255169,0.50796463283225
"_A4-Fuk vs A3-KAW","TRPM6",0.5697488189096,0.797939275214982
"_A4-Fuk vs A3-KAW","ULK1",-0.533516382620217,0.586973222465696
"_HT vs A4-Fuk","CSNK1E",0.788233249404787,0.413127965535182
"_MC-116 vs A4-Fuk","CDK1",-0.74661960141963,0.302042820171654
"_A4-Fuk vs A3-KAW","CDKL1",0.473302605945058,0.457268558496916
"_MC-116 vs A4-Fuk","DYRK1A",-0.947059353945411,0.530796845870728
"_MC-116 vs A4-Fuk","SRPK1",-0.63313421422177,0.85604413456577
"_MC-116 vs A4-Fuk","CILK1",-0.662332289743972,0.455069016784401
"_MC-116 vs A4-Fuk","MAK",-0.89311314351824,0.719272634485424
"_MC-116 vs A4-Fuk","NLK",-0.634195635870555,0.249193035115105
"_A4-Fuk vs A3-KAW","CLK2",0.679609501286627,0.595078301425514
"_A4-Fuk vs A3-KAW","CIT",0.352760688919152,0.641727664539315
"_A4-Fuk vs A3-KAW","PRKCB",-0.492351990044808,0.427255681198396
"_MC-116 vs A4-Fuk","MAPK13",-0.788633514220096,0.308661591442096
"_A4-Fuk vs A3-KAW","CDKL2",1.24870024171093,0.584531454344202
"_MC-116 vs A4-Fuk","MYO3B",-0.855944938248473,0.481312642142167
"_HT vs A4-Fuk","MAP3K5",0.525000935910771,0.209732267687678
"_A4-Fuk vs A3-KAW","AURKB",0.62713501067631,0.145255840053727
"_A4-Fuk vs A3-KAW","TAOK3",0.597438763215063,0.380789892311351
"_MC-116 vs A4-Fuk","CLK4",-0.562235089172945,0.558857761794955
"_MC-116 vs A4-Fuk","MAP3K10",-0.763403892807266,0.407358353617494
"_A4-Fuk vs A3-KAW","NUAK2",-0.408807026507212,0.301895122075571
"_MC-116 vs A4-Fuk","CDK4",-0.678974514086583,0.429773559451139
"_MC-116 vs A4-Fuk","HIPK3",-0.625669674753416,0.0911687098441704
"_A4-Fuk vs A3-KAW","CDK6",0.2879943920193,0.233220898240606
"_HT vs A4-Fuk","MAP3K8",-1.23791385675007,-0.0264723608815424
"_HT vs A4-Fuk","NLK",-0.592528745350597,0.426354944369081
"_MC-116 vs A4-Fuk","AKT1",0.650989022689767,0.154969182486689
"_MC-116 vs A4-Fuk","MOK",-0.578575016897184,0.535260665459914
"_MC-116 vs A4-Fuk","STK17A",0.609846850069449,0.122986495201465
"_MC-116 vs A4-Fuk","MYO3A",-0.789652709378694,0.230938997273397
"_MC-116 vs A4-Fuk","TEX14",-0.701721461188701,0.696595940554838
"_A4-Fuk vs A3-KAW","AURKC",-0.691055364886807,0.782879973261695
"_A4-Fuk vs A3-KAW","DYRK1B",0.596580502507522,0.469244669513141
"_A4-Fuk vs A3-KAW","RPS6KL1",0.896701264998708,0.347269459268699
"_MC-116 vs A4-Fuk","AKT2",0.600740930284395,0.417799624289455
"_HT vs A4-Fuk","GAK",0.676509610438183,0.264831800731938
"_MC-116 vs A4-Fuk","PRKCH",0.66155591801272,0.430723257607701
"_HT vs A4-Fuk","DYRK1B",-0.41640782951004,0.669338735607237
"_HT vs A4-Fuk","PIM2",0.422225588625715,0.46198477492879
"_MC-116 vs A4-Fuk","EIF2AK4",0.803647943065487,0.510418483676612
"_MC-116 vs A4-Fuk","IRAK4",0.504819235485593,0.507569923094799
"_MC-116 vs A4-Fuk","MAPK14",-0.551759808102241,0.676948593042734
"_A4-Fuk vs A3-KAW","MAP3K14",-0.105296205730269,-0.0292437977551777
"_HT vs A4-Fuk","CAMK1G",0.316755513552555,0.490745891292671
"_A4-Fuk vs A3-KAW","STK24",0.537836863747574,0.332901426534747
"_HT vs A4-Fuk","RPS6KA1",0.012224800585472,0.528840468850068
"_A4-Fuk vs A3-KAW","CDK17",1.05881178221402,0.101311270629804
"_HT vs A4-Fuk","CDK3",-0.35573550413207,0.313292075095646
"_A4-Fuk vs A3-KAW","CDKL5",0.344521166255991,0.647225634845828
"_A4-Fuk vs A3-KAW","IRAK4",-0.44647605262039,0.573414978334617
"_A4-Fuk vs A3-KAW","CAMK2B",-0.350158891405975,0.338300694237625
"_A4-Fuk vs A3-KAW","NPR2",0.527072347366344,0.420715322214267
"_A4-Fuk vs A3-KAW","PRKACG",-0.267522591093042,0.58103761246308
"_HT vs A4-Fuk","MAP3K14",0.252705956120654,0.136556961929564
"_A4-Fuk vs A3-KAW","RPS6KA1",-0.57560941310212,0.191112508099168
"_A4-Fuk vs A3-KAW","VRK1",0.608229401588553,-0.0477175139329624
"_A4-Fuk vs A3-KAW","AKT2",-0.387821130544797,0.156215883556665
"_A4-Fuk vs A3-KAW","CSNK2A1",-0.836894865177267,0.160234342085049
"_MC-116 vs A4-Fuk","STK26",0.283351175928405,0.233269649356164
"_MC-116 vs A4-Fuk","CDK10",0.497524004537227,0.36963653558189
"_MC-116 vs A4-Fuk","CLK2",-1.30288766806413,0.412618779861762
"_A4-Fuk vs A3-KAW","CLK1",0.830591441738924,0.553341554059408
"_HT vs A4-Fuk","STK17A",0.363046317219352,0.506034846712343
"_MC-116 vs A4-Fuk","CDK18",-0.596329200567554,0.60372963896694
"_HT vs A4-Fuk","RPS6KL1",-0.47090874312806,0.567359640727455
"_HT vs A4-Fuk","AURKC",0.162993401701154,0.169160111677723
"_A4-Fuk vs A3-KAW","LATS2",-0.506225075420477,0.252550933045252
"_A4-Fuk vs A3-KAW","PRKCQ",-0.219098485836993,0.439378882561388
"_HT vs A4-Fuk","MAP3K7",-0.440703260265958,0.572210782483239
"_MC-116 vs A4-Fuk","NEK9",0.452636657964764,0.341751116527632
"_HT vs A4-Fuk","CDK6",-0.383430150548679,0.298926908027439
"_MC-116 vs A4-Fuk","MAPK11",-0.354343833094349,0.278927544408327
"_A4-Fuk vs A3-KAW","ERN1",-0.23227294739052,0.146976159777977
"_HT vs A4-Fuk","MAP3K2",-0.678602621362858,0.293055494989308
"_MC-116 vs A4-Fuk","CDC42BPB",0.552356661934181,0.000110197690685099
"_MC-116 vs A4-Fuk","CIT",-0.311311179263181,0.540933081169948
"_HT vs A4-Fuk","DAPK1",0.0115901045852642,0.25044876544401
"_HT vs A4-Fuk","GRK2",-0.389678883834692,0.427883042431519
"_HT vs A4-Fuk","TGFBR2",0.596385571100289,0.401643137630741
"_HT vs A4-Fuk","ULK1",0.240603838644769,0.448863490535766
"_MC-116 vs A4-Fuk","TRPM6",-0.457325836499404,0.285829772078582
"_MC-116 vs A4-Fuk","VRK1",-0.500411945212881,-0.016038613776424
"_MC-116 vs A4-Fuk","CLK1",-1.2734361464798,0.381875601763362
"_MC-116 vs A4-Fuk","MAP3K12",-0.507699389594203,0.296184227965605
"_MC-116 vs A4-Fuk","TBK1",-0.986070671395365,0.109281192338473
"_HT vs A4-Fuk","WNK3",0.201691496278978,0.449098533640251
"_MC-116 vs A4-Fuk","TSSK6",-0.174647401502969,0.2179274984827
"_HT vs A4-Fuk","CDK17",-0.548729301844716,0.438511559966911
"_A4-Fuk vs A3-KAW","MAP2K5",0.415818862197044,0.529672184675907
"_A4-Fuk vs A3-KAW","ROCK2",0.563897181757828,0.4494648489491
"_MC-116 vs A4-Fuk","PIM1",0.5621714989845,0.540712874832994
"_A4-Fuk vs A3-KAW","CSNK1G2",-0.277558709507105,-0.0754430192346143
"_A4-Fuk vs A3-KAW","DCLK1",-0.16430585498935,0.213978693775877
"_MC-116 vs A4-Fuk","TAOK3",-0.361345638861627,0.480289251170428
"_MC-116 vs A4-Fuk","HUNK",0.167666303508835,0.59454034881797
"_HT vs A4-Fuk","GRK3",-0.275737367269452,0.147225467941202
"_A4-Fuk vs A3-KAW","CSNK1E",-0.480993083270191,0.55532005025172
"_MC-116 vs A4-Fuk","GRK3",-0.808725196428825,0.240540628743259
"_HT vs A4-Fuk","AAK1",0.277609468905887,0.39020754617557
"_HT vs A4-Fuk","BMP2K",0.408278984583955,0.258491401602029
"_A4-Fuk vs A3-KAW","CDK10",-0.252215451384311,0.188770617759075
"_HT vs A4-Fuk","MKNK1",0.283832468691029,0.530877876382434
"_MC-116 vs A4-Fuk","MAP3K15",0.330232719047992,0.28528049061269
"_A4-Fuk vs A3-KAW","MAP3K2",1.06160849086094,0.234085732606667
"_A4-Fuk vs A3-KAW","GRK4",-0.955914065436219,0.423368395614426
"_MC-116 vs A4-Fuk","DCLK3",-0.71739187420925,0.37140874312145
"_MC-116 vs A4-Fuk","CAMK1G",0.404797479090452,0.259024858579096
"_MC-116 vs A4-Fuk","NUAK1",-0.546662413164926,0.296772283575117
"_A4-Fuk vs A3-KAW","BUB1",0.564003080134896,0.30498842660373
"_A4-Fuk vs A3-KAW","WNK3",-0.533660002885076,-0.0375625549346572
"_A4-Fuk vs A3-KAW","ARAF",0.965871908034496,0.25109556405451
"_A4-Fuk vs A3-KAW","GAK",-0.834756824067471,0.503107830894747
"_MC-116 vs A4-Fuk","PRKCG",0.469231145916309,-0.128014259107648
"_A4-Fuk vs A3-KAW","MAP3K7",-0.00511746881135383,0.176852655911611
"_MC-116 vs A4-Fuk","GRK2",-0.713054736580419,0.489954423686048
"_A4-Fuk vs A3-KAW","PRKCH",-0.269595832109527,0.811354852345966
"_HT vs A4-Fuk","OXSR1",-0.236012920121036,0.053574547722569
"_HT vs A4-Fuk","RIPK3",0.134764556296178,0.00700592184865706
"_MC-116 vs A4-Fuk","GRK4",1.01240950804159,0.148768618566288
"_A4-Fuk vs A3-KAW","TSSK6",-0.457704096931724,0.315707347491413
"_HT vs A4-Fuk","TLK1",0.144311280293137,0.374059199086146
"_HT vs A4-Fuk","GRK4",0.759182350989789,0.233013859111383
"_MC-116 vs A4-Fuk","CAMKK2",-0.574893868404641,0.237257897972071
"_HT vs A4-Fuk","MAPKAPK3",0.299044903154165,0.23655550457394
"_HT vs A4-Fuk","DAPK2",0.253751040057534,0.129745529367897
"_HT vs A4-Fuk","CDKL1",-0.248795625679035,0.267172826197937
"_MC-116 vs A4-Fuk","CDC42BPA",0.186798837984121,0.311096904784039
"_MC-116 vs A4-Fuk","MAP3K7",-0.313217904909622,0.172852724566467
"_HT vs A4-Fuk","CDKL5",-0.0462288619993603,0.44684433481651
"_MC-116 vs A4-Fuk","CDKL2",-1.01422619148774,0.0909858269418422
"_A4-Fuk vs A3-KAW","CDK7",0.234012587923904,0.203009543598663
"_A4-Fuk vs A3-KAW","OXSR1",0.076446122539029,0.182763418609898
"_HT vs A4-Fuk","TSSK6",0.111398443891088,0.233193973794027
"_A4-Fuk vs A3-KAW","DAPK3",-0.445448445293016,0.25450278916271
"_HT vs A4-Fuk","CDK7",-0.463300225969001,0.401064047451289
"_HT vs A4-Fuk","HUNK",0.124808212862097,0.461079844675326
"_HT vs A4-Fuk","NPR2",-0.728155962795834,0.314115209910774
"_A4-Fuk vs A3-KAW","ATM",-0.315016443359046,0.121542672525044
"_MC-116 vs A4-Fuk","PHKG1",0.309556574230691,0.378799779087152
"_HT vs A4-Fuk","IRAK1",0.173681203679518,0.468538694057606
"_MC-116 vs A4-Fuk","RPS6KA2",0.0784595191668078,0.334478111479742
"_HT vs A4-Fuk","PHKG1",0.286277569727961,0.200949529284978
"_HT vs A4-Fuk","PINK1",0.32954417561066,0.294295633290554
"_HT vs A4-Fuk","CDKL4",-0.431237237514761,0.407061201298453
"_HT vs A4-Fuk","PAK2",0.318050039939284,0.280817595032735
"_MC-116 vs A4-Fuk","MAP2K5",-0.664341733016025,0.304906837198511
"_MC-116 vs A4-Fuk","MINK1",0.483933335685869,-0.0421265461703453
"_MC-116 vs A4-Fuk","MAPK15",-0.383212885078897,-0.00617912744069748
"_MC-116 vs A4-Fuk","TRPM7",0.865443052106925,0.13966227483551
"_HT vs A4-Fuk","CDC42BPA",0.0975349122036924,0.23942431035081
"_MC-116 vs A4-Fuk","RPS6KL1",-0.649641381515459,0.323504578943636
"_HT vs A4-Fuk","PRKCZ",0.25331233521936,0.243822660506277
"_HT vs A4-Fuk","STK33",0.16968045144502,0.259348563523127
"_HT vs A4-Fuk","BRSK2",0.159051273114094,0.296001258692559
"_MC-116 vs A4-Fuk","MAP3K6",0.348310418845949,0.195274129114879
"_MC-116 vs A4-Fuk","BRSK2",0.486967526104425,-0.0357907586714496
"_MC-116 vs A4-Fuk","MAP4K5",0.159319725203586,0.341297809604318
"_A4-Fuk vs A3-KAW","PHKG1",-0.114585416154188,0.163834034004698
"_MC-116 vs A4-Fuk","MAP3K2",-0.346269901940287,0.10778670302787
"_MC-116 vs A4-Fuk","TGFBR2",0.671656356924613,0.455916894146706
"_A4-Fuk vs A3-KAW","BRSK2",-0.422367781636023,0.320467674721033
"_HT vs A4-Fuk","EIF2AK4",-0.0409350817868076,0.622204436437386
"_A4-Fuk vs A3-KAW","NLK",0.634707536903298,-0.238534048530117
"_HT vs A4-Fuk","BRAF",-0.357715257860489,0.220598050343015
"_HT vs A4-Fuk","CDC42BPB",0.0497840701378278,0.359618525091575
"_A4-Fuk vs A3-KAW","TRPM7",-0.190251600563528,0.158524149917345
"_MC-116 vs A4-Fuk","STK11",-0.259843284702384,0.157142656614643
"_A4-Fuk vs A3-KAW","MAP3K15",-0.299106770512791,0.712257602984635
"_A4-Fuk vs A3-KAW","MYLK3",-0.24301227479066,0.37789922312758
"_A4-Fuk vs A3-KAW","MINK1",-0.228975072757614,0.104102396570191
"_A4-Fuk vs A3-KAW","ROCK1",0.18549814301624,0.0547183398851081
"_A4-Fuk vs A3-KAW","RPS6KA2",-0.584399447592708,0.659691002244891
"_HT vs A4-Fuk","WNK1",0.197870234353631,0.383358108624161
"_MC-116 vs A4-Fuk","GAK",0.570928255096041,0.413579200877666
"_MC-116 vs A4-Fuk","PIM2",0.369637992008901,0.13546398600396
"_MC-116 vs A4-Fuk","ULK1",0.320946772619585,0.535287867143398
"_HT vs A4-Fuk","MAP3K20",0.220820694037061,0.419193700407395
"_MC-116 vs A4-Fuk","CSNK1G1",0.897032409762169,0.221386642237637
"_MC-116 vs A4-Fuk","RIPK4",-0.0420150856045242,0.299719950926547
"_HT vs A4-Fuk","MINK1",0.244716319486537,0.0848085046025569
"_HT vs A4-Fuk","NUAK1",-0.939203666995087,0.194041788030199
"_MC-116 vs A4-Fuk","MAPKAPK2",0.201153910773413,0.562552041622356
"_HT vs A4-Fuk","PDK4",-0.457546921335856,0.103913224371102
"_HT vs A4-Fuk","RPS6KA6",0.211426702425854,0.220266868560463
"_MC-116 vs A4-Fuk","DAPK3",0.12913265529953,0.159750626008399
"_HT vs A4-Fuk","MAPKAPK2",0.295419503606133,-0.0531827537131483
"_A4-Fuk vs A3-KAW","DYRK3",0.290932142876409,0.134076778040708
"_MC-116 vs A4-Fuk","ATM",0.582583187006878,-0.0130350934779657
"_MC-116 vs A4-Fuk","PRKCI",0.168831457550037,0.539577010840242
"_MC-116 vs A4-Fuk","TLK1",0.341361724252598,0.0073203476965763
"_A4-Fuk vs A3-KAW","CDKL4",0.356396188485306,0.0442216426090596
"_A4-Fuk vs A3-KAW","SRPK2",0.280186745726152,0.0103038508601214
"_MC-116 vs A4-Fuk","CDK17",-0.509766832262615,0.246225626704438
"_HT vs A4-Fuk","SBK1",-0.0235983714995787,-0.0869841065968736
"_A4-Fuk vs A3-KAW","MAP3K8",0.65562459559076,0.149590811805016
"_MC-116 vs A4-Fuk","PINK1",-0.0856463407590893,0.0938889649491169
"_MC-116 vs A4-Fuk","RPS6KA1",0.508973287619106,0.0248769904918131
"_HT vs A4-Fuk","ATM",0.37264215264716,0.292286913763048
"_HT vs A4-Fuk","GSK3B",0.25381200126338,0.155695092375739
"_MC-116 vs A4-Fuk","CDK14",0.176291047645503,0.512004207242522
"_A4-Fuk vs A3-KAW","MAP4K5",-0.531958474071012,0.0125776966389518
"_HT vs A4-Fuk","DYRK3",-0.399503827587308,0.205884641340181
"_HT vs A4-Fuk","CSNK1G1",0.442316463894259,0.096067346870472
"_MC-116 vs A4-Fuk","PDK1",0.406528905360236,0.233382536423022
"_MC-116 vs A4-Fuk","DYRK1B",-0.224563552792456,0.217128048511896
"_A4-Fuk vs A3-KAW","ACVR1B",-0.39912220123715,0.518682587056748
"_A4-Fuk vs A3-KAW","PRKCG",-0.348120822407527,-0.184873805891089
"_MC-116 vs A4-Fuk","TTBK1",0.209114693696036,0.402720152245245
"_MC-116 vs A4-Fuk","TTBK2",0.509004589583995,0.350305083828452
"_MC-116 vs A4-Fuk","DAPK2",0.227611655577879,0.182401598580018
"_A4-Fuk vs A3-KAW","EIF2AK4",-0.590245161437131,0.523408663497682
"_MC-116 vs A4-Fuk","MELK",0.468375233055928,0.449055721878899
"_A4-Fuk vs A3-KAW","CSNK1A1",0.291208528244892,0.249275249385192
"_HT vs A4-Fuk","SMG1",-0.162677999018483,0.466177290593523
"_MC-116 vs A4-Fuk","WNK3",-0.0292465555928721,-0.0496973369987973
"_HT vs A4-Fuk","CDK14",0.227510218187564,-0.00738391531245611
"_A4-Fuk vs A3-KAW","TGFBR2",-0.311908340301033,0.426869999927835
"_MC-116 vs A4-Fuk","MAPKAPK3",0.410309132454641,0.149004504868491
"_HT vs A4-Fuk","MAP4K2",-0.498038595704035,0.319712227686295
"_MC-116 vs A4-Fuk","NPR2",-0.588492703722741,0.281474048477876
"_MC-116 vs A4-Fuk","PRKY",0.169319505027119,0.381073401200006
"_HT vs A4-Fuk","DYRK4",-0.270354803332041,0.139379003050887
"_MC-116 vs A4-Fuk","PAK3",0.160763908764551,0.097144073102076
"_MC-116 vs A4-Fuk","STK33",0.0193894893082442,0.273464749018435
"_A4-Fuk vs A3-KAW","NPR1",0.352376624550495,0.0154889733637493
"_MC-116 vs A4-Fuk","MAP3K8",-0.737136868294739,-0.0628188069706123
"_HT vs A4-Fuk","PDK1",0.694580197256982,0.0402174671265209
"_A4-Fuk vs A3-KAW","MAPKAPK3",-0.193479083561822,0.238768380732118
"_MC-116 vs A4-Fuk","NUAK2",0.365241738941814,0.0373876819232523
"_A4-Fuk vs A3-KAW","DYRK4",0.00808032566345379,0.375677632407652
"_HT vs A4-Fuk","MAP3K15",0.30494678998688,0.388018758061747
"_A4-Fuk vs A3-KAW","CDK14",-0.316904881298465,0.425023250936103
"_HT vs A4-Fuk","NEK9",0.379540044729192,0.263108946364075
"_A4-Fuk vs A3-KAW","MAPKAPK2",-0.387749327514133,0.39073408493183
"_A4-Fuk vs A3-KAW","MAP4K2",0.292369550649836,0.298727607416233
"_A4-Fuk vs A3-KAW","NEK9",0.0956284133839131,0.150078106486488
"_MC-116 vs A4-Fuk","CHEK1",0.328416592962029,0.0234219907100917
"_MC-116 vs A4-Fuk","CSNK2A1",0.573111665946789,0.264865146486948
"_MC-116 vs A4-Fuk","PRKDC",0.311931452899066,0.333050861272685
"_MC-116 vs A4-Fuk","RPS6KA6",0.674730153277667,-0.215278476964085
"_A4-Fuk vs A3-KAW","NEK11",-0.176514064527969,0.0548754129649011
"_A4-Fuk vs A3-KAW","MAP3K6",0.161028758445298,0.0931152952446582
"_HT vs A4-Fuk","CHEK1",0.0472423246928396,-0.0957617074644183
"_A4-Fuk vs A3-KAW","PAK3",0.241005752052801,0.473192069096753
"_A4-Fuk vs A3-KAW","NEK10",0.240059602644567,-0.0796689107151615
"_A4-Fuk vs A3-KAW","PDK1",-0.257657474751708,-0.0395034687998104
"_MC-116 vs A4-Fuk","MAP3K14",0.118524704489449,0.200232582345859
"_HT vs A4-Fuk","TTBK2",0.256377253374348,0.015310524970381
"_HT vs A4-Fuk","COQ8A",-0.481366040982404,0.511539914068412
"_HT vs A4-Fuk","LATS1",0.157634387240486,0.208038821982499
"_HT vs A4-Fuk","MYO3B",-0.381746612106197,0.405618331421149
"_HT vs A4-Fuk","MAP3K6",-0.0446284303226777,0.313374760954713
"_MC-116 vs A4-Fuk","NEK2",-0.0527366225884297,0.306861571970987
"_A4-Fuk vs A3-KAW","MYLK2",0.262266031934589,0.181760269620845
"_HT vs A4-Fuk","DAPK3",0.0370988288155474,0.0813862584098098
"_A4-Fuk vs A3-KAW","ULK2",0.0889802212073387,0.206488159361645
"_A4-Fuk vs A3-KAW","RPS6KA6",-0.36557713771685,0.128664784475653
"_A4-Fuk vs A3-KAW","NEK2",-0.117714439639014,0.251794456374413
"_MC-116 vs A4-Fuk","ACVR1B",-0.020601955790596,0.250402935029637
"_MC-116 vs A4-Fuk","MKNK1",0.105933086207239,0.325195055397859
"_MC-116 vs A4-Fuk","CAMKV",-0.640306641885702,0.186185217309862
"_HT vs A4-Fuk","MAK",-0.525678092391042,0.0902962680118312
"_A4-Fuk vs A3-KAW","TTBK2",-0.38479811304029,0.260466051037028
"_MC-116 vs A4-Fuk","RPS6KB1",0.17819165637611,0.104321733458362
"_MC-116 vs A4-Fuk","MAP3K20",0.179838147449799,0.392683432649194
"_MC-116 vs A4-Fuk","DCLK2",-0.0346992290260918,-0.166032802369049
"_A4-Fuk vs A3-KAW","TLK1",-0.15569757820181,-0.312437962152544
"_A4-Fuk vs A3-KAW","ATR",-0.163612862927934,0.00844299218566176
"_A4-Fuk vs A3-KAW","PDK4",0.114520983222838,0.0436920345121721
"_MC-116 vs A4-Fuk","NEK4",0.296944004459012,0.287204361247751
"_MC-116 vs A4-Fuk","SMG1",0.0495594580824244,0.0101864550622666
"_HT vs A4-Fuk","TAOK3",-0.311498522094022,0.292460577231551
"_A4-Fuk vs A3-KAW","CDC42BPA",-0.249711731347241,-0.325395399592759
"_HT vs A4-Fuk","TBK1",-0.0479462413229752,0.397051275408825
"_MC-116 vs A4-Fuk","LRRK2",-0.200655416942636,0.365635567120346
"_HT vs A4-Fuk","ACVR1B",0.190172143627563,0.480437015137009
"_A4-Fuk vs A3-KAW","STK10",0.0656364856084496,0.232411172406322
"_HT vs A4-Fuk","MAPK15",-0.664241662351789,0.11921090923572
"_A4-Fuk vs A3-KAW","LRRK2",0.0606333500053007,0.477429772907074
"_A4-Fuk vs A3-KAW","HIPK1",0.357316778089387,0.202668703902892
"_A4-Fuk vs A3-KAW","MAP4K3",0.351236219776727,0.598579133378062
"_HT vs A4-Fuk","PDPK1",-0.464191082317715,0.303907249762206
"_A4-Fuk vs A3-KAW","WNK4",0.00324803383134908,0.263692051036668
"_MC-116 vs A4-Fuk","CDK6",-0.127665030437403,0.257630823690339
"_HT vs A4-Fuk","DYRK2",-0.0847277439766595,0.0665172321809729
"_A4-Fuk vs A3-KAW","DYRK2",0.501834422481277,0.392439521402362
"_HT vs A4-Fuk","PRKY",0.116165409609725,0.352416724431968
"_A4-Fuk vs A3-KAW","MAP3K11",0.398389655565722,0.214099030469382
"_MC-116 vs A4-Fuk","STK38",0.104102334155891,0.260225906899291
"_A4-Fuk vs A3-KAW","PRKCI",-0.319971335558083,0.309442508700327
"_MC-116 vs A4-Fuk","BRAF",-0.174173172780264,0.170761752135794
"_A4-Fuk vs A3-KAW","SLK",0.11052450352462,0.0675237150787013
"_A4-Fuk vs A3-KAW","MARK1",-0.095393604215002,-0.00922354809912182
"_HT vs A4-Fuk","RPS6KB1",0.215812268024521,0.0620252138285209
"_A4-Fuk vs A3-KAW","RIPK3",-0.0634252214517948,0.200630485139347
"_HT vs A4-Fuk","NEK4",-0.123995720854464,0.454021321818081
"_A4-Fuk vs A3-KAW","MELK",0.0870479877466274,0.214933897700913
"_A4-Fuk vs A3-KAW","PIM3",-0.309976034702221,-0.092929678504371
"_A4-Fuk vs A3-KAW","TAOK2",0.163152804941305,0.365546920155653
"_A4-Fuk vs A3-KAW","NEK3",0.234322658103918,0.215369585867541
"_MC-116 vs A4-Fuk","CDKL1",-0.361337655344612,-0.0697740880793412
"_MC-116 vs A4-Fuk","HIPK1",-0.458873005695395,-0.00686819239014266
"_A4-Fuk vs A3-KAW","STK17A",-0.0177558613542141,0.453346526603181
"_HT vs A4-Fuk","CDK11A",-0.430513811219422,0.215378591571589
"_A4-Fuk vs A3-KAW","STK4",-0.199599740150421,0.0364421717305819
"_A4-Fuk vs A3-KAW","DAPK2",-0.209966618237828,0.158241063112786
"_A4-Fuk vs A3-KAW","STK33",-0.123691171356992,0.379809022305809
"_A4-Fuk vs A3-KAW","CHEK1",-0.120020345310521,0.249815382712267
"_A4-Fuk vs A3-KAW","AAK1",-0.175340705935419,-0.0638131861885112
"_A4-Fuk vs A3-KAW","BMP2K",-0.153352852146008,0.370126442597891
"_HT vs A4-Fuk","CSNK2A1",0.215469863308874,0.513324146850415
"_MC-116 vs A4-Fuk","STK24",-0.619791461698573,0.400177912983331
"_A4-Fuk vs A3-KAW","LATS1",-0.0310732715154772,0.266913202084166
"_HT vs A4-Fuk","ROCK1",-0.0085311831648924,-0.0623994513480053
"_HT vs A4-Fuk","PAK3",2.13236279058421e-05,-0.165775744097339
"_A4-Fuk vs A3-KAW","COQ8A",0.293244261169992,0.165449256058971
"_MC-116 vs A4-Fuk","NEK11",0.140249564275912,0.150771193223641
"_A4-Fuk vs A3-KAW","PAK2",0.272397540301799,0.25323858994953
"_MC-116 vs A4-Fuk","AAK1",0.128335711886258,0.0538283963518981
"_MC-116 vs A4-Fuk","BMP2K",0.523368814812642,0.199339214064855
"_MC-116 vs A4-Fuk","SLK",-0.416137609533078,0.446746735058991
"_MC-116 vs A4-Fuk","MAP4K1",0.0900274798921041,0.353553411677217
"_MC-116 vs A4-Fuk","PDK4",-0.230079383237403,0.0528672307985422
"_MC-116 vs A4-Fuk","OXSR1",-0.236757334358256,0.223027582398834
"_HT vs A4-Fuk","CAMKV",-0.132759960558503,0.151085983035064
"_HT vs A4-Fuk","MARK1",0.439281083770747,0.256625555627386
"_A4-Fuk vs A3-KAW","MKNK1",0.109408531680786,0.149826323660939
"_A4-Fuk vs A3-KAW","STK26",-0.0213072665011903,0.0148313952107209
"_MC-116 vs A4-Fuk","MAP4K3",-0.115583517630336,0.298537323344709
"_HT vs A4-Fuk","MAP4K3",-0.276883368553451,0.210916695164509
"_A4-Fuk vs A3-KAW","MAP3K20",-0.321483084458787,0.41224922386968
"_HT vs A4-Fuk","DCLK1",0.436159166251342,0.0746862161867567
"_A4-Fuk vs A3-KAW","CAMKV",0.367984378049975,-0.0132711268267937
"_MC-116 vs A4-Fuk","CDKL5",-0.170637266408777,0.320505519394145
"_MC-116 vs A4-Fuk","DCLK1",0.173354948449311,0.353153960508954
"_HT vs A4-Fuk","TRPM6",-0.249901440142116,0.403987539590845
"_A4-Fuk vs A3-KAW","PRKAA2",-0.280719408528535,0.320743539163976
"_HT vs A4-Fuk","SLK",-0.21628863203555,0.426653524192001
"_HT vs A4-Fuk","DCLK3",-0.486365826478808,0.367740796747514
"_HT vs A4-Fuk","STK38",0.541067597994693,0.340350250646914
"_HT vs A4-Fuk","LRRK2",-0.106581484101256,0.0790453643857237
"_MC-116 vs A4-Fuk","ERN2",0.339366184582839,0.285222030046535
"_MC-116 vs A4-Fuk","CDK3",-0.699925777302587,0.478692245549979
"_MC-116 vs A4-Fuk","PAK1",-0.237461415941938,-0.182982616129147
"_A4-Fuk vs A3-KAW","CAMKK2",0.499388953819143,0.106410028148045
"_A4-Fuk vs A3-KAW","NUAK1",0.155045051064975,0.322686793155406
"_A4-Fuk vs A3-KAW","MARK3",0.0287881428916121,0.409365909638554
"_A4-Fuk vs A3-KAW","PINK1",-0.447404379745331,-0.054108065044231
"_HT vs A4-Fuk","STK4",0.181427313330643,0.240422074430219
"_MC-116 vs A4-Fuk","DMPK",0.127038965364619,-0.132851719566182
"_HT vs A4-Fuk","NUAK2",0.545979754144432,-0.065354669414986
"_HT vs A4-Fuk","STK24",-0.34813524670967,0.229835164328829
"_MC-116 vs A4-Fuk","MAP4K4",0.778125167186194,0.0361931817387812
"_MC-116 vs A4-Fuk","STK10",-0.224226948026119,0.323082926977128
"_HT vs A4-Fuk","MAP4K5",0.0670963619967669,0.137457350206943
"_MC-116 vs A4-Fuk","TNIK",0.126060701641886,0.208489153608025
"_HT vs A4-Fuk","CAMKK2",-0.0856096199063355,-0.0547211175232216
"_MC-116 vs A4-Fuk","DYRK2",0.273901488258882,-0.275495680222692
"_HT vs A4-Fuk","NEK10",-0.304214071031109,0.203675973803768
"_MC-116 vs A4-Fuk","NEK1",-0.350943560142197,0.287832915608362
"_MC-116 vs A4-Fuk","WNK1",-0.176124509754879,0.113208648368874
"_HT vs A4-Fuk","BUB1",0.108327853497063,0.0816617915769995
"_A4-Fuk vs A3-KAW","HASPIN",-0.0663994007047672,0.145510487738385
"_HT vs A4-Fuk","SRPK2",-0.0896002653988703,-0.0207123472537722
"_MC-116 vs A4-Fuk","PRKAA2",0.00238186749434413,-0.0408572770810212
"_A4-Fuk vs A3-KAW","TAOK1",0.230752818668318,-0.0413292490081262
"_A4-Fuk vs A3-KAW","SMG1",-0.0466717835009724,0.183216082599771
"_HT vs A4-Fuk","STK10",-0.201806310317479,0.124762593500704
"_MC-116 vs A4-Fuk","IRAK1",0.236638066847854,-0.194567808404241
"_MC-116 vs A4-Fuk","IKBKE",-0.300544425993493,-0.111788102535238
"_MC-116 vs A4-Fuk","TAOK2",-0.624221555741877,0.0595260558923021
"_MC-116 vs A4-Fuk","BRSK1",0.178696935701827,-0.120221284625568
"_A4-Fuk vs A3-KAW","SBK1",0.224869901375545,0.440717984603308
"_HT vs A4-Fuk","NEK5",-0.167634077178231,0.455946890460017
"_A4-Fuk vs A3-KAW","DMPK",-0.192124231929707,0.138344910303448
"_HT vs A4-Fuk","HIPK1",-0.129502133057203,0.10181836358532
"_HT vs A4-Fuk","ERN2",0.000305653410653237,0.0572986333963022
"_A4-Fuk vs A3-KAW","MAP3K21",-0.351299264025262,0.219359529303773
"_MC-116 vs A4-Fuk","NEK3",-0.164798096635979,-0.00678454384162942
"_A4-Fuk vs A3-KAW","NEK4",-0.133300686846803,-0.0433673114107652
"_HT vs A4-Fuk","DMPK",-0.18354035427323,-0.0740312958267558
"_HT vs A4-Fuk","PIM3",0.182174030441503,0.245481723560211
"_HT vs A4-Fuk","MAP4K4",-0.0204242586624007,0.407481043547017
"_HT vs A4-Fuk","ARAF",0.744460652967263,-0.190923839091937
"_MC-116 vs A4-Fuk","GRK1",0.480707471057498,0.401377961870292
"_MC-116 vs A4-Fuk","MARK3",0.0340636606927996,-0.0683080704851046
"_A4-Fuk vs A3-KAW","BRSK1",-0.021212002859601,0.401081858526481
"_A4-Fuk vs A3-KAW","IRAK1",-0.127314848789788,0.0307348755351517
"_A4-Fuk vs A3-KAW","PDPK1",0.417409070019263,0.493822680533564
"_A4-Fuk vs A3-KAW","CSNK1G1",-0.348177102703722,0.0175587159919919
"_A4-Fuk vs A3-KAW","MAP4K4",-0.144042147180578,0.246127694189433
"_HT vs A4-Fuk","GRK1",-0.0778973831784787,0.262843699688679
"_A4-Fuk vs A3-KAW","NEK5",-0.0705494103790872,-0.0881359276197814
"_HT vs A4-Fuk","TAOK2",-0.131301578015548,0.0531188967438355
"_A4-Fuk vs A3-KAW","EIF2AK2",0.16170218241405,-0.0369221732934137
"_MC-116 vs A4-Fuk","LATS1",0.105636906676439,0.118001410134286
"_A4-Fuk vs A3-KAW","GRK1",-0.0645542526661884,-0.103542878779411
"_MC-116 vs A4-Fuk","MYLK2",-0.171469924080325,0.0765545241543322
"_MC-116 vs A4-Fuk","AURKB",0.339302884695968,-0.234580523668319
"_MC-116 vs A4-Fuk","ROCK2",0.0705042253830563,0.229345190097388
"_HT vs A4-Fuk","MELK",-0.231673372193104,0.313470470534127
"_MC-116 vs A4-Fuk","MAP3K11",-0.00411609200856428,-0.0138170980982993
"_HT vs A4-Fuk","MAP3K11",-0.136660985841851,0.0404909656798051
"_HT vs A4-Fuk","ROCK2",-0.107406759007544,0.23949693547367
"_MC-116 vs A4-Fuk","RIPK3",0.00683813334674216,0.0665494018428857
"_MC-116 vs A4-Fuk","MTOR",-0.371544718470591,-0.110209187824271
"_MC-116 vs A4-Fuk","BUB1",-0.142123230036242,-0.0128081234569202
"_HT vs A4-Fuk","PBK",0.0681193870291875,0.260527814100955
"_HT vs A4-Fuk","ATR",-0.159848096019277,-0.0491981994297381
"_MC-116 vs A4-Fuk","CDK7",0.156852147836511,0.303656886296479
"_HT vs A4-Fuk","BRSK1",0.270629675925306,-0.0474754114651977
"_MC-116 vs A4-Fuk","MAP3K3",-0.086700956097706,0.0584989295592245
"_MC-116 vs A4-Fuk","PRKCZ",-0.147820792850294,0.328581916762047
"_MC-116 vs A4-Fuk","DYRK3",-0.0085746308123069,-0.386332246246772
"_HT vs A4-Fuk","RPS6KC1",0.114148333061216,0.0262508032029775
"_HT vs A4-Fuk","MAP2K5",-0.0335437536241019,0.180826684113291
"_HT vs A4-Fuk","MAP3K3",0.273455071211462,-0.138117720534995
"_HT vs A4-Fuk","TTBK1",-0.178737825628757,-0.414783034542034
"_HT vs A4-Fuk","DCLK2",-0.288379050762719,0.143239402823205
"_MC-116 vs A4-Fuk","ULK2",0.205224481163705,-0.065906488547503
"_MC-116 vs A4-Fuk","GSK3B",0.607014272545586,-0.0839205978190399
"_HT vs A4-Fuk","HASPIN",0.158398777654223,-0.12881822047935
"_HT vs A4-Fuk","LATS2",0.336252492603115,0.16509103909446
"_HT vs A4-Fuk","ULK2",0.185345113894393,0.193487715348696
"_HT vs A4-Fuk","NEK2",0.164835109284837,0.0656368299929102
"_HT vs A4-Fuk","NEK8",0.191401503362883,-0.14327104569721
"_HT vs A4-Fuk","EIF2AK2",0.028137810277872,0.158410666736815
"_HT vs A4-Fuk","MARK3",-0.0312651939482944,0.244307317777695
"_HT vs A4-Fuk","IKBKE",-0.323811125023327,0.412152787809561
"_HT vs A4-Fuk","RIPK1",-0.18669142026259,0.157237114271768
"_A4-Fuk vs A3-KAW","STK25",0.174505466121661,-0.0724916392273863
"_A4-Fuk vs A3-KAW","PRKDC",-0.282110313916633,0.0158224808541953
"_A4-Fuk vs A3-KAW","RIPK1",0.20919839402608,0.138420426105836
"_MC-116 vs A4-Fuk","STK4",0.0798625908994222,0.000400385696219238
"_A4-Fuk vs A3-KAW","TTBK1",0.228362552380285,0.13883176117567
"_A4-Fuk vs A3-KAW","NEK8",0.193827186358654,0.107686620499683
"_MC-116 vs A4-Fuk","ARAF",-0.00492724135640199,0.00691973543733117
"_HT vs A4-Fuk","PRKAA2",0.0776203408032414,0.106562838250155
"_MC-116 vs A4-Fuk","LATS2",-0.154079779507346,0.219559031988441
"_MC-116 vs A4-Fuk","NEK8",-0.118352590896256,0.0481419392427459
"_A4-Fuk vs A3-KAW","PRKY",0.0672453306872247,-0.0177454165231784
"_HT vs A4-Fuk","STK32B",0.241195272570497,-0.0459061310774881
"_HT vs A4-Fuk","TAOK1",0.0289285980936524,-0.107593075701432
"_MC-116 vs A4-Fuk","WNK4",0.0127641535105555,-0.158219791352564
"_MC-116 vs A4-Fuk","CAMKK1",-0.0429618178856811,-0.117584696198075
"_MC-116 vs A4-Fuk","NEK10",0.0526682367443926,-0.0282611192486294
"_A4-Fuk vs A3-KAW","MTOR",-0.20839100432025,0.197774543517705
"_HT vs A4-Fuk","MAP3K21",0.320587335735078,-0.217148009361383
"_A4-Fuk vs A3-KAW","DCLK2",-0.160501500871318,0.160875964852272
"_HT vs A4-Fuk","RIPK4",-0.213889323593296,0.117361063132041
"_HT vs A4-Fuk","MTOR",-0.101373536168359,0.131337072283618
"_MC-116 vs A4-Fuk","RAF1",-0.363800626339789,-0.400117301025385
"_A4-Fuk vs A3-KAW","IKBKE",-0.23517368868068,-0.286255896754431
"_MC-116 vs A4-Fuk","EEF2K",-0.0466651476473108,-0.00541147961323007
"_MC-116 vs A4-Fuk","PIM3",0.031104081260386,0.00931606903975668
"_A4-Fuk vs A3-KAW","RPS6KC1",-0.03403917605882,0.442040067219495
"_A4-Fuk vs A3-KAW","PRKCZ",0.09998642004403,-0.0119074120821505
"_A4-Fuk vs A3-KAW","STK32B",0.328261927944389,0.316816350380649
"_MC-116 vs A4-Fuk","NEK5",-0.0913550289293645,-0.0248251138237235
"_HT vs A4-Fuk","TNIK",0.1806449436196,-0.407773896725339
"_A4-Fuk vs A3-KAW","STK38",-0.178374218829381,0.282958822186382
"_MC-116 vs A4-Fuk","MAP4K2",-0.184471415201845,-0.0361365504544791
"_HT vs A4-Fuk","MAP4K1",-0.272214854755112,-0.0240284918006289
"_HT vs A4-Fuk","PRKDC",-0.0477651764931616,-0.162116475182948
"_HT vs A4-Fuk","AURKB",0.0191950574286682,0.0958625643888886
"_MC-116 vs A4-Fuk","MAP3K21",-0.0248877335875418,-0.00788078117330362
"_A4-Fuk vs A3-KAW","NEK1",-0.173551891271463,0.0243260583520234
"_MC-116 vs A4-Fuk","ROCK1",0.0134915998198006,0.0917922469005696
"_A4-Fuk vs A3-KAW","TNIK",-0.035618138498519,-0.168471636891389
"_A4-Fuk vs A3-KAW","CAMKK1",0.211288254932303,-0.0567660725599442
"_HT vs A4-Fuk","RAF1",0.0715270592136018,0.136583156490711
"_MC-116 vs A4-Fuk","SBK1",0.2371109588199,0.00623475363822173
"_HT vs A4-Fuk","MYLK2",0.047503182349063,0.0265116291437017
"_HT vs A4-Fuk","NEK1",-0.0654025197261747,-0.00176056097846916
"_A4-Fuk vs A3-KAW","RIPK4",-0.179093938822106,0.120915256447349
"_MC-116 vs A4-Fuk","STK25",-0.204347464906203,-0.141347755996512
"_HT vs A4-Fuk","NEK11",-0.046907665058186,0.128016567465603
"_HT vs A4-Fuk","PAK1",0.22083602499929,-0.0759130246332997
"_A4-Fuk vs A3-KAW","RPS6KB1",-0.109817209766579,0.291012903486453
"_A4-Fuk vs A3-KAW","WNK1",0.209105031015754,-0.163014234729484
"_MC-116 vs A4-Fuk","CSNK1A1",0.318259630383414,0.170876159372205
"_HT vs A4-Fuk","WNK4",0.0101039484590022,-0.270061334644601
"_HT vs A4-Fuk","NPR1",0.0463868514355802,0.224246785919467
"_HT vs A4-Fuk","CAMKK1",0.0757821480897988,0.0244290498052918
"_A4-Fuk vs A3-KAW","MAP3K3",-0.306291943549646,-0.0944364550088032
"_MC-116 vs A4-Fuk","CDKL4",-0.0864140422641061,-0.359618667056092
"_HT vs A4-Fuk","CSNK1A1",0.0284581731311424,0.283857995961421
"_MC-116 vs A4-Fuk","TAOK1",0.0364096904510041,0.106524437021085
"_HT vs A4-Fuk","EEF2K",0.0432927276827666,0.479456162868025
"_MC-116 vs A4-Fuk","STK32B",0.0284259283993937,0.182543984698981
"_MC-116 vs A4-Fuk","DYRK4",-0.388873588627823,0.338088749901677
"_MC-116 vs A4-Fuk","NPR1",0.0717893441190296,0.276540751541943
"_MC-116 vs A4-Fuk","PBK",0.226636850382168,0.402001160474854
"_MC-116 vs A4-Fuk","SRPK2",-0.404668385026489,0.0987370028942612
"_A4-Fuk vs A3-KAW","MAP4K1",-0.359071466829099,-0.0366566637409929
"_MC-116 vs A4-Fuk","PDPK1",0.00140548186389067,0.145517022740398
"_MC-116 vs A4-Fuk","EIF2AK2",-0.145308044968745,-0.0997936653809029
"_A4-Fuk vs A3-KAW","EEF2K",-0.0576893459860184,0.11496380922986
"_MC-116 vs A4-Fuk","RPS6KC1",-0.119924962062498,0.0346964729004273
"_A4-Fuk vs A3-KAW","GSK3B",0.369682944632717,-0.0411430704444334
"_A4-Fuk vs A3-KAW","PBK",-0.146648181344728,0.115994328422769
"_MC-116 vs A4-Fuk","RIPK1",0.1865921396536,-0.10164556329883
"_A4-Fuk vs A3-KAW","ERN2",-0.10296169017277,-0.519537547615301
"_MC-116 vs A4-Fuk","ATR",-0.15514312285861,0.18927489302427
"_HT vs A4-Fuk","STK25",0.273326916735984,0.133960268316852
"_MC-116 vs A4-Fuk","HASPIN",-0.151271618112995,0.333568379244572
