"uniprotname","cell_line","LogFC","Kinase_group","group_kin"
"AKT1","A3KAW",0.865150309109083,"AGC","AGC_AKT1"
"AKT1","A4Fuk",-1.99759915927097,"AGC","AGC_AKT1"
"AKT1","DB",-0.382546974423862,"AGC","AGC_AKT1"
"AKT1","HT",-1.66650374377629,"AGC","AGC_AKT1"
"AKT1","MC116",-0.908590101380122,"AGC","AGC_AKT1"
"AKT1","NUDUL1",-1.48867570531613,"AGC","AGC_AKT1"
"AKT1","SLVL",1.07233018901368,"AGC","AGC_AKT1"
"AKT1","SUDHL16",-3.12705179855171,"AGC","AGC_AKT1"
"AKT1","TK",0.432247273614176,"AGC","AGC_AKT1"
"AKT1","WSUDLCL2",-4.61078942504039,"AGC","AGC_AKT1"
"AURKA","A3KAW",-1.91495828452538,"CAMK","CAMK_AURKA"
"AURKA","A4Fuk",-0.845851235319711,"CAMK","CAMK_AURKA"
"AURKA","DB",-1.0626156937793,"CAMK","CAMK_AURKA"
"AURKA","HT",1.3618120515695,"CAMK","CAMK_AURKA"
"AURKA","MC116",-0.343228729356613,"CAMK","CAMK_AURKA"
"AURKA","NUDUL1",-1.56282665557871,"CAMK","CAMK_AURKA"
"AURKA","SLVL",0.839579375165811,"CAMK","CAMK_AURKA"
"AURKA","SUDHL16",-2.57480568778991,"CAMK","CAMK_AURKA"
"AURKA","TK",0.0965560434391766,"CAMK","CAMK_AURKA"
"AURKA","WSUDLCL2",0.423854960539648,"CAMK","CAMK_AURKA"
"CHEK1","A3KAW",-0.838327240903082,"CAMK","CAMK_CHEK1"
"CHEK1","A4Fuk",-1.50091914624891,"CAMK","CAMK_CHEK1"
"CHEK1","DB",0.0993475186619761,"CAMK","CAMK_CHEK1"
"CHEK1","HT",-0.775573773479108,"CAMK","CAMK_CHEK1"
"CHEK1","MC116",-0.532193672797178,"CAMK","CAMK_CHEK1"
"CHEK1","NUDUL1",-2.0074122495236,"CAMK","CAMK_CHEK1"
"CHEK1","SLVL",0.850210312399936,"CAMK","CAMK_CHEK1"
"CHEK1","SUDHL16",-0.702146169180412,"CAMK","CAMK_CHEK1"
"CHEK1","TK",-0.197346658468716,"CAMK","CAMK_CHEK1"
"CHEK1","WSUDLCL2",-0.383749171501044,"CAMK","CAMK_CHEK1"
"CDK1","A3KAW",0.703817311116238,"CMGC","CMGC_CDK1"
"CDK1","A4Fuk",-0.867898703974942,"CMGC","CMGC_CDK1"
"CDK1","DB",0.274395769532157,"CMGC","CMGC_CDK1"
"CDK1","HT",-0.214294998215484,"CMGC","CMGC_CDK1"
"CDK1","MC116",0.383076327742163,"CMGC","CMGC_CDK1"
"CDK1","NUDUL1",-0.0198430618097872,"CMGC","CMGC_CDK1"
"CDK1","SLVL",0.488185518134328,"CMGC","CMGC_CDK1"
"CDK1","SUDHL16",-1.24060677786378,"CMGC","CMGC_CDK1"
"CDK1","TK",0.758405558601846,"CMGC","CMGC_CDK1"
"CDK1","WSUDLCL2",1.24883215946119,"CMGC","CMGC_CDK1"
"CDK2","A3KAW",-1.71669534849451,"CMGC","CMGC_CDK2"
"CDK2","A4Fuk",-2.47397473847411,"CMGC","CMGC_CDK2"
"CDK2","DB",-0.132009330744143,"CMGC","CMGC_CDK2"
"CDK2","HT",-0.553893630154003,"CMGC","CMGC_CDK2"
"CDK2","MC116",-0.638823808172916,"CMGC","CMGC_CDK2"
"CDK2","NUDUL1",-1.23826520688073,"CMGC","CMGC_CDK2"
"CDK2","SLVL",0.314472935336024,"CMGC","CMGC_CDK2"
"CDK2","SUDHL16",-2.19590777061696,"CMGC","CMGC_CDK2"
"CDK2","TK",-0.680008729925962,"CMGC","CMGC_CDK2"
"CDK2","WSUDLCL2",0.0104801312709126,"CMGC","CMGC_CDK2"
"CDK4","A3KAW",-0.841053057075311,"CMGC","CMGC_CDK4"
"CDK4","A4Fuk",0.719968680582516,"CMGC","CMGC_CDK4"
"CDK4","DB",0.301573491662077,"CMGC","CMGC_CDK4"
"CDK4","HT",1.22544631206405,"CMGC","CMGC_CDK4"
"CDK4","MC116",1.10301697786304,"CMGC","CMGC_CDK4"
"CDK4","NUDUL1",-0.224669313130307,"CMGC","CMGC_CDK4"
"CDK4","SLVL",NA,"CMGC","CMGC_CDK4"
"CDK4","SUDHL16",-0.195693691128139,"CMGC","CMGC_CDK4"
"CDK4","TK",NA,"CMGC","CMGC_CDK4"
"CDK4","WSUDLCL2",0.0800264005908536,"CMGC","CMGC_CDK4"
"CDK7","A3KAW",0.688866628649282,"CMGC","CMGC_CDK7"
"CDK7","A4Fuk",3.36679224166362,"CMGC","CMGC_CDK7"
"CDK7","DB",-0.379527180872002,"CMGC","CMGC_CDK7"
"CDK7","HT",0.130186260115154,"CMGC","CMGC_CDK7"
"CDK7","MC116",0.0728904620558144,"CMGC","CMGC_CDK7"
"CDK7","NUDUL1",-1.80416959668878,"CMGC","CMGC_CDK7"
"CDK7","SLVL",-2.55654066174071,"CMGC","CMGC_CDK7"
"CDK7","SUDHL16",-0.508931146712955,"CMGC","CMGC_CDK7"
"CDK7","TK",1.66461801362057,"CMGC","CMGC_CDK7"
"CDK7","WSUDLCL2",1.71910559372526,"CMGC","CMGC_CDK7"
"CDK9","A3KAW",-0.135312020577657,"CMGC","CMGC_CDK9"
"CDK9","A4Fuk",-3.12846225623562,"CMGC","CMGC_CDK9"
"CDK9","DB",1.0670624194323,"CMGC","CMGC_CDK9"
"CDK9","HT",0.591207352958393,"CMGC","CMGC_CDK9"
"CDK9","MC116",1.05740081196039,"CMGC","CMGC_CDK9"
"CDK9","NUDUL1",-0.820442911276186,"CMGC","CMGC_CDK9"
"CDK9","SLVL",-0.966030866719712,"CMGC","CMGC_CDK9"
"CDK9","SUDHL16",0.254597690820447,"CMGC","CMGC_CDK9"
"CDK9","TK",0.72228625639302,"CMGC","CMGC_CDK9"
"CDK9","WSUDLCL2",2.65846787425305,"CMGC","CMGC_CDK9"
"ROCK1","A3KAW",-2.2327559780723,"AGC","AGC_ROCK1"
"ROCK1","A4Fuk",NA,"AGC","AGC_ROCK1"
"ROCK1","DB",-2.1511722629579,"AGC","AGC_ROCK1"
"ROCK1","HT",-0.392157839593903,"AGC","AGC_ROCK1"
"ROCK1","MC116",-1.61211166895982,"AGC","AGC_ROCK1"
"ROCK1","NUDUL1",-0.951805765907652,"AGC","AGC_ROCK1"
"ROCK1","SLVL",NA,"AGC","AGC_ROCK1"
"ROCK1","SUDHL16",-2.52760681930449,"AGC","AGC_ROCK1"
"ROCK1","TK",-0.61184363371378,"AGC","AGC_ROCK1"
"ROCK1","WSUDLCL2",NA,"AGC","AGC_ROCK1"
"DYRK1B","A3KAW",0.754089150433199,"CMGC","CMGC_DYRK1B"
"DYRK1B","A4Fuk",NA,"CMGC","CMGC_DYRK1B"
"DYRK1B","DB",0.162291082712949,"CMGC","CMGC_DYRK1B"
"DYRK1B","HT",NA,"CMGC","CMGC_DYRK1B"
"DYRK1B","MC116",1.36781812755108,"CMGC","CMGC_DYRK1B"
"DYRK1B","NUDUL1",NA,"CMGC","CMGC_DYRK1B"
"DYRK1B","SLVL",NA,"CMGC","CMGC_DYRK1B"
"DYRK1B","SUDHL16",-0.230461681981166,"CMGC","CMGC_DYRK1B"
"DYRK1B","TK",NA,"CMGC","CMGC_DYRK1B"
"DYRK1B","WSUDLCL2",-6.08448750930579,"CMGC","CMGC_DYRK1B"
"GSK3A","A3KAW",-0.123935614880686,"CMGC","CMGC_GSK3A"
"GSK3A","A4Fuk",-1.69967733349123,"CMGC","CMGC_GSK3A"
"GSK3A","DB",-0.67492672384408,"CMGC","CMGC_GSK3A"
"GSK3A","HT",NA,"CMGC","CMGC_GSK3A"
"GSK3A","MC116",-0.570761884584133,"CMGC","CMGC_GSK3A"
"GSK3A","NUDUL1",-0.676744000595655,"CMGC","CMGC_GSK3A"
"GSK3A","SLVL",0.570896194794406,"CMGC","CMGC_GSK3A"
"GSK3A","SUDHL16",-3.28254410415615,"CMGC","CMGC_GSK3A"
"GSK3A","TK",0.129355335320678,"CMGC","CMGC_GSK3A"
"GSK3A","WSUDLCL2",0.112920701125223,"CMGC","CMGC_GSK3A"
"GSK3B","A3KAW",-1.6576514503256,"CMGC","CMGC_GSK3B"
"GSK3B","A4Fuk",-0.357305265425206,"CMGC","CMGC_GSK3B"
"GSK3B","DB",0.944285957528334,"CMGC","CMGC_GSK3B"
"GSK3B","HT",NA,"CMGC","CMGC_GSK3B"
"GSK3B","MC116",-0.60527690581627,"CMGC","CMGC_GSK3B"
"GSK3B","NUDUL1",NA,"CMGC","CMGC_GSK3B"
"GSK3B","SLVL",0.627526467049511,"CMGC","CMGC_GSK3B"
"GSK3B","SUDHL16",-0.627934916282575,"CMGC","CMGC_GSK3B"
"GSK3B","TK",0.582318810339868,"CMGC","CMGC_GSK3B"
"GSK3B","WSUDLCL2",NA,"CMGC","CMGC_GSK3B"
"CHUK","A3KAW",-0.535813695809257,"OTHER","OTHER_CHUK"
"CHUK","A4Fuk",-1.32275615644734,"OTHER","OTHER_CHUK"
"CHUK","DB",-0.393022232661968,"OTHER","OTHER_CHUK"
"CHUK","HT",0.185336829490642,"OTHER","OTHER_CHUK"
"CHUK","MC116",-0.637061967187913,"OTHER","OTHER_CHUK"
"CHUK","NUDUL1",-0.488159212272745,"OTHER","OTHER_CHUK"
"CHUK","SLVL",0.378246213664302,"OTHER","OTHER_CHUK"
"CHUK","SUDHL16",-2.28967841103114,"OTHER","OTHER_CHUK"
"CHUK","TK",0.0560647159164176,"OTHER","OTHER_CHUK"
"CHUK","WSUDLCL2",0.154508177235659,"OTHER","OTHER_CHUK"
"IKBKB","A3KAW",-3.17677627286376,"OTHER","OTHER_IKBKB"
"IKBKB","A4Fuk",1.06443927204733,"OTHER","OTHER_IKBKB"
"IKBKB","DB",-0.510448890307068,"OTHER","OTHER_IKBKB"
"IKBKB","HT",0.912950340248813,"OTHER","OTHER_IKBKB"
"IKBKB","MC116",-0.595818654264635,"OTHER","OTHER_IKBKB"
"IKBKB","NUDUL1",-2.55434095726722,"OTHER","OTHER_IKBKB"
"IKBKB","SLVL",-0.734752306535714,"OTHER","OTHER_IKBKB"
"IKBKB","SUDHL16",-2.32256804686793,"OTHER","OTHER_IKBKB"
"IKBKB","TK",-0.461091998796201,"OTHER","OTHER_IKBKB"
"IKBKB","WSUDLCL2",1.99792582975556,"OTHER","OTHER_IKBKB"
"TBK1","A3KAW",-1.75646186937843,"OTHER","OTHER_TBK1"
"TBK1","A4Fuk",-0.762709250052102,"OTHER","OTHER_TBK1"
"TBK1","DB",-0.371350456934273,"OTHER","OTHER_TBK1"
"TBK1","HT",NA,"OTHER","OTHER_TBK1"
"TBK1","MC116",-0.840919030072554,"OTHER","OTHER_TBK1"
"TBK1","NUDUL1",1.16270011589627,"OTHER","OTHER_TBK1"
"TBK1","SLVL",NA,"OTHER","OTHER_TBK1"
"TBK1","SUDHL16",-0.605325153222263,"OTHER","OTHER_TBK1"
"TBK1","TK",NA,"OTHER","OTHER_TBK1"
"TBK1","WSUDLCL2",-1.39252835742564,"OTHER","OTHER_TBK1"
"IRAK1","A3KAW",-2.1098683415824,"TKL","TKL_IRAK1"
"IRAK1","A4Fuk",1.08077557861079,"TKL","TKL_IRAK1"
"IRAK1","DB",-0.54962023641786,"TKL","TKL_IRAK1"
"IRAK1","HT",0.0221267855933661,"TKL","TKL_IRAK1"
"IRAK1","MC116",-0.144630660434013,"TKL","TKL_IRAK1"
"IRAK1","NUDUL1",-1.09747031581345,"TKL","TKL_IRAK1"
"IRAK1","SLVL",-1.05303785758986,"TKL","TKL_IRAK1"
"IRAK1","SUDHL16",NA,"TKL","TKL_IRAK1"
"IRAK1","TK",0.256598979426078,"TKL","TKL_IRAK1"
"IRAK1","WSUDLCL2",0.733658817682721,"TKL","TKL_IRAK1"
"MAPK1","A3KAW",-1.69503427714378,"CMGC","CMGC_MAPK1"
"MAPK1","A4Fuk",-4.46951339659168,"CMGC","CMGC_MAPK1"
"MAPK1","DB",0.845895383948879,"CMGC","CMGC_MAPK1"
"MAPK1","HT",0.783102943462838,"CMGC","CMGC_MAPK1"
"MAPK1","MC116",0.129382159724317,"CMGC","CMGC_MAPK1"
"MAPK1","NUDUL1",0.188657162007067,"CMGC","CMGC_MAPK1"
"MAPK1","SLVL",-0.162681803700014,"CMGC","CMGC_MAPK1"
"MAPK1","SUDHL16",0.865036760029143,"CMGC","CMGC_MAPK1"
"MAPK1","TK",NA,"CMGC","CMGC_MAPK1"
"MAPK1","WSUDLCL2",0.045212707047833,"CMGC","CMGC_MAPK1"
"MAPK3","A3KAW",0.0533310185222724,"CMGC","CMGC_MAPK3"
"MAPK3","A4Fuk",-2.85254508389996,"CMGC","CMGC_MAPK3"
"MAPK3","DB",1.41559927846079,"CMGC","CMGC_MAPK3"
"MAPK3","HT",-2.50351168188411,"CMGC","CMGC_MAPK3"
"MAPK3","MC116",0.878247827195705,"CMGC","CMGC_MAPK3"
"MAPK3","NUDUL1",0.0670667340113546,"CMGC","CMGC_MAPK3"
"MAPK3","SLVL",-0.404223271403097,"CMGC","CMGC_MAPK3"
"MAPK3","SUDHL16",0.289527841954561,"CMGC","CMGC_MAPK3"
"MAPK3","TK",1.37091199299101,"CMGC","CMGC_MAPK3"
"MAPK3","WSUDLCL2",NA,"CMGC","CMGC_MAPK3"
"MAPK7","A3KAW",0.441393931415924,"CMGC","CMGC_MAPK7"
"MAPK7","A4Fuk",1.4020918064693,"CMGC","CMGC_MAPK7"
"MAPK7","DB",NA,"CMGC","CMGC_MAPK7"
"MAPK7","HT",1.85297201024467,"CMGC","CMGC_MAPK7"
"MAPK7","MC116",0.559937349373127,"CMGC","CMGC_MAPK7"
"MAPK7","NUDUL1",1.23177404622616,"CMGC","CMGC_MAPK7"
"MAPK7","SLVL",1.48092158226631,"CMGC","CMGC_MAPK7"
"MAPK7","SUDHL16",1.80117772715096,"CMGC","CMGC_MAPK7"
"MAPK7","TK",2.89423223793952,"CMGC","CMGC_MAPK7"
"MAPK7","WSUDLCL2",NA,"CMGC","CMGC_MAPK7"
"MAPK8","A3KAW",0.336406013204838,NA,NA
"MAPK8","A4Fuk",0.965005121921799,NA,NA
"MAPK8","DB",NA,NA,NA
"MAPK8","HT",1.52113860300502,NA,NA
"MAPK8","MC116",-1.07019729481621,NA,NA
"MAPK8","NUDUL1",0.0567564376073419,NA,NA
"MAPK8","SLVL",-0.532151647642632,NA,NA
"MAPK8","SUDHL16",-0.228473587962542,NA,NA
"MAPK8","TK",0.542987748236762,NA,NA
"MAPK8","WSUDLCL2",-0.69670218304658,NA,NA
"MAPK9","A3KAW",-1.26436535993774,"CMGC","CMGC_MAPK9"
"MAPK9","A4Fuk",-0.661486880773239,"CMGC","CMGC_MAPK9"
"MAPK9","DB",-1.00692792713605,"CMGC","CMGC_MAPK9"
"MAPK9","HT",-1.41988715316394,"CMGC","CMGC_MAPK9"
"MAPK9","MC116",-1.2970837732529,"CMGC","CMGC_MAPK9"
"MAPK9","NUDUL1",-1.1410254477738,"CMGC","CMGC_MAPK9"
"MAPK9","SLVL",-1.30102311817658,"CMGC","CMGC_MAPK9"
"MAPK9","SUDHL16",-2.14627797154346,"CMGC","CMGC_MAPK9"
"MAPK9","TK",-0.222867590331404,"CMGC","CMGC_MAPK9"
"MAPK9","WSUDLCL2",NA,"CMGC","CMGC_MAPK9"
"MAP3K7","A3KAW",1.7510306470112,"TKL","TKL_MAP3K7"
"MAP3K7","A4Fuk",1.09812595604746,"TKL","TKL_MAP3K7"
"MAP3K7","DB",1.53432597418183,"TKL","TKL_MAP3K7"
"MAP3K7","HT",1.52803102969158,"TKL","TKL_MAP3K7"
"MAP3K7","MC116",2.41353430662331,"TKL","TKL_MAP3K7"
"MAP3K7","NUDUL1",0.240497829082,"TKL","TKL_MAP3K7"
"MAP3K7","SLVL",1.19108755943354,"TKL","TKL_MAP3K7"
"MAP3K7","SUDHL16",0.0206417205172247,"TKL","TKL_MAP3K7"
"MAP3K7","TK",1.97518099305551,"TKL","TKL_MAP3K7"
"MAP3K7","WSUDLCL2",5.10397338788545,"TKL","TKL_MAP3K7"
"PDK1","A3KAW",1.24137258245978,"Atypical","Atypical_PDK1"
"PDK1","A4Fuk",-0.0296809787468785,"Atypical","Atypical_PDK1"
"PDK1","DB",2.59809560590654,"Atypical","Atypical_PDK1"
"PDK1","HT",1.52853955778928,"Atypical","Atypical_PDK1"
"PDK1","MC116",1.50293637038765,"Atypical","Atypical_PDK1"
"PDK1","NUDUL1",-0.109450647656225,"Atypical","Atypical_PDK1"
"PDK1","SLVL",1.34864396155826,"Atypical","Atypical_PDK1"
"PDK1","SUDHL16",0.691834587591107,"Atypical","Atypical_PDK1"
"PDK1","TK",1.50939335973243,"Atypical","Atypical_PDK1"
"PDK1","WSUDLCL2",2.35697811875637,"Atypical","Atypical_PDK1"
"PDPK1","A3KAW",-0.872298271040353,"AGC","AGC_PDPK1"
"PDPK1","A4Fuk",-0.713148346471954,"AGC","AGC_PDPK1"
"PDPK1","DB",0.348606302623206,"AGC","AGC_PDPK1"
"PDPK1","HT",0.411199542904097,"AGC","AGC_PDPK1"
"PDPK1","MC116",-0.0893652897361772,"AGC","AGC_PDPK1"
"PDPK1","NUDUL1",-2.90944589044078,"AGC","AGC_PDPK1"
"PDPK1","SLVL",-1.01822728472097,"AGC","AGC_PDPK1"
"PDPK1","SUDHL16",-1.56395130210513,"AGC","AGC_PDPK1"
"PDPK1","TK",0.0553039558295775,"AGC","AGC_PDPK1"
"PDPK1","WSUDLCL2",0.0833642092631285,"AGC","AGC_PDPK1"
"PIK3CA","A3KAW",-0.0278308671491123,"Atypical","Atypical_PIK3CA"
"PIK3CA","A4Fuk",-1.98437527278861,"Atypical","Atypical_PIK3CA"
"PIK3CA","DB",1.53816104873454,"Atypical","Atypical_PIK3CA"
"PIK3CA","HT",0.477566724019498,"Atypical","Atypical_PIK3CA"
"PIK3CA","MC116",-0.406318087679821,"Atypical","Atypical_PIK3CA"
"PIK3CA","NUDUL1",-1.85191668739393,"Atypical","Atypical_PIK3CA"
"PIK3CA","SLVL",0.112803940551829,"Atypical","Atypical_PIK3CA"
"PIK3CA","SUDHL16",-1.99151952409945,"Atypical","Atypical_PIK3CA"
"PIK3CA","TK",0.913927369848322,"Atypical","Atypical_PIK3CA"
"PIK3CA","WSUDLCL2",-0.0151250195897407,"Atypical","Atypical_PIK3CA"
"ATM","A3KAW",-1.85999787618472,"Atypical","Atypical_ATM"
"ATM","A4Fuk",0.57129447933112,"Atypical","Atypical_ATM"
"ATM","DB",0.0339963756836502,"Atypical","Atypical_ATM"
"ATM","HT",0.271879361652015,"Atypical","Atypical_ATM"
"ATM","MC116",-0.419841846896077,"Atypical","Atypical_ATM"
"ATM","NUDUL1",-1.90801613235359,"Atypical","Atypical_ATM"
"ATM","SLVL",-0.45881091897969,"Atypical","Atypical_ATM"
"ATM","SUDHL16",1.13521645224098,"Atypical","Atypical_ATM"
"ATM","TK",-0.473125182551766,"Atypical","Atypical_ATM"
"ATM","WSUDLCL2",0.803244008566034,"Atypical","Atypical_ATM"
"ATR","A3KAW",-0.523244482065544,"Atypical","Atypical_ATR"
"ATR","A4Fuk",-0.671600600294649,"Atypical","Atypical_ATR"
"ATR","DB",0.168323066501656,"Atypical","Atypical_ATR"
"ATR","HT",-1.03060088811519,"Atypical","Atypical_ATR"
"ATR","MC116",-1.58413714093218,"Atypical","Atypical_ATR"
"ATR","NUDUL1",-3.069011390991,"Atypical","Atypical_ATR"
"ATR","SLVL",0.373668071256407,"Atypical","Atypical_ATR"
"ATR","SUDHL16",-0.674100332029483,"Atypical","Atypical_ATR"
"ATR","TK",-0.865489023426072,"Atypical","Atypical_ATR"
"ATR","WSUDLCL2",-0.15682147903805,"Atypical","Atypical_ATR"
"MTOR","A3KAW",-3.23584040911256,"Atypical","Atypical_MTOR"
"MTOR","A4Fuk",-2.34073784472241,"Atypical","Atypical_MTOR"
"MTOR","DB",-1.20441537579947,"Atypical","Atypical_MTOR"
"MTOR","HT",-0.0335454927623423,"Atypical","Atypical_MTOR"
"MTOR","MC116",-0.482723890575848,"Atypical","Atypical_MTOR"
"MTOR","NUDUL1",-1.39620911076766,"Atypical","Atypical_MTOR"
"MTOR","SLVL",0.626346891485089,"Atypical","Atypical_MTOR"
"MTOR","SUDHL16",-3.9869413693827,"Atypical","Atypical_MTOR"
"MTOR","TK",-0.515191924292964,"Atypical","Atypical_MTOR"
"MTOR","WSUDLCL2",-2.31146962288203,"Atypical","Atypical_MTOR"
"PRKDC","A3KAW",-0.524595890064475,"Atypical","Atypical_PRKDC"
"PRKDC","A4Fuk",NA,"Atypical","Atypical_PRKDC"
"PRKDC","DB",0.684718997883618,"Atypical","Atypical_PRKDC"
"PRKDC","HT",-0.164427385422867,"Atypical","Atypical_PRKDC"
"PRKDC","MC116",-1.04548124472435,"Atypical","Atypical_PRKDC"
"PRKDC","NUDUL1",-1.16537883024312,"Atypical","Atypical_PRKDC"
"PRKDC","SLVL",0.336693443744606,"Atypical","Atypical_PRKDC"
"PRKDC","SUDHL16",-0.400182549873033,"Atypical","Atypical_PRKDC"
"PRKDC","TK",NA,"Atypical","Atypical_PRKDC"
"PRKDC","WSUDLCL2",-0.3043221774142,"Atypical","Atypical_PRKDC"
"PLK1","A3KAW",1.12281376641281,"CAMK","CAMK_PLK1"
"PLK1","A4Fuk",0.727393883747756,"CAMK","CAMK_PLK1"
"PLK1","DB",-0.135508065448289,"CAMK","CAMK_PLK1"
"PLK1","HT",0.667494354436003,"CAMK","CAMK_PLK1"
"PLK1","MC116",0.207609960572079,"CAMK","CAMK_PLK1"
"PLK1","NUDUL1",-0.526288131797635,"CAMK","CAMK_PLK1"
"PLK1","SLVL",1.46189457250597,"CAMK","CAMK_PLK1"
"PLK1","SUDHL16",-0.537177315748055,"CAMK","CAMK_PLK1"
"PLK1","TK",0.852622815390663,"CAMK","CAMK_PLK1"
"PLK1","WSUDLCL2",-0.436171100710392,"CAMK","CAMK_PLK1"
"PLK3","A3KAW",-0.530016550978371,"CAMK","CAMK_PLK3"
"PLK3","A4Fuk",NA,"CAMK","CAMK_PLK3"
"PLK3","DB",-2.12597276337739,"CAMK","CAMK_PLK3"
"PLK3","HT",-1.67024029072455,"CAMK","CAMK_PLK3"
"PLK3","MC116",-1.03413364839879,"CAMK","CAMK_PLK3"
"PLK3","NUDUL1",-4.44345678884581,"CAMK","CAMK_PLK3"
"PLK3","SLVL",-2.0601478994945,"CAMK","CAMK_PLK3"
"PLK3","SUDHL16",-2.42882963961879,"CAMK","CAMK_PLK3"
"PLK3","TK",-2.01723183945825,"CAMK","CAMK_PLK3"
"PLK3","WSUDLCL2",NA,"CAMK","CAMK_PLK3"
"ARAF","A3KAW",-1.0595522224479,"TKL","TKL_ARAF"
"ARAF","A4Fuk",-1.55552501596529,"TKL","TKL_ARAF"
"ARAF","DB",-0.529457863812281,"TKL","TKL_ARAF"
"ARAF","HT",NA,"TKL","TKL_ARAF"
"ARAF","MC116",-0.978973669681678,"TKL","TKL_ARAF"
"ARAF","NUDUL1",0.213270107403333,"TKL","TKL_ARAF"
"ARAF","SLVL",0.32493515126698,"TKL","TKL_ARAF"
"ARAF","SUDHL16",-0.466729762048512,"TKL","TKL_ARAF"
"ARAF","TK",0.793058805876126,"TKL","TKL_ARAF"
"ARAF","WSUDLCL2",-1.39256681198178,"TKL","TKL_ARAF"
"BRAF","A3KAW",1.06500361065466,"TKL","TKL_BRAF"
"BRAF","A4Fuk",-2.86461724718599,"TKL","TKL_BRAF"
"BRAF","DB",-0.0302249013174988,"TKL","TKL_BRAF"
"BRAF","HT",0.173146423642878,"TKL","TKL_BRAF"
"BRAF","MC116",-1.26057720406813,"TKL","TKL_BRAF"
"BRAF","NUDUL1",0.0439581452257255,"TKL","TKL_BRAF"
"BRAF","SLVL",0.7450016765601,"TKL","TKL_BRAF"
"BRAF","SUDHL16",-0.219951799629627,"TKL","TKL_BRAF"
"BRAF","TK",-0.0883719360174157,"TKL","TKL_BRAF"
"BRAF","WSUDLCL2",0.771301342697031,"TKL","TKL_BRAF"
"RPS6KB1","A3KAW",NA,"AGC","AGC_RPS6KB1"
"RPS6KB1","A4Fuk",0.311871566922159,"AGC","AGC_RPS6KB1"
"RPS6KB1","DB",-0.52170696635923,"AGC","AGC_RPS6KB1"
"RPS6KB1","HT",-0.225063437664329,"AGC","AGC_RPS6KB1"
"RPS6KB1","MC116",0.726582682804353,"AGC","AGC_RPS6KB1"
"RPS6KB1","NUDUL1",-0.888423677536445,"AGC","AGC_RPS6KB1"
"RPS6KB1","SLVL",1.16699657605362,"AGC","AGC_RPS6KB1"
"RPS6KB1","SUDHL16",-0.441909164863986,"AGC","AGC_RPS6KB1"
"RPS6KB1","TK",1.42946352134419,"AGC","AGC_RPS6KB1"
"RPS6KB1","WSUDLCL2",-1.99022682306719,"AGC","AGC_RPS6KB1"
"MAP2K1","A3KAW",-2.23671087708765,"STE","STE_MAP2K1"
"MAP2K1","A4Fuk",-3.53784848402002,"STE","STE_MAP2K1"
"MAP2K1","DB",NA,"STE","STE_MAP2K1"
"MAP2K1","HT",-1.47593433054601,"STE","STE_MAP2K1"
"MAP2K1","MC116",0.0816006281808289,"STE","STE_MAP2K1"
"MAP2K1","NUDUL1",0.938562192312157,"STE","STE_MAP2K1"
"MAP2K1","SLVL",-0.0530901787632725,"STE","STE_MAP2K1"
"MAP2K1","SUDHL16",NA,"STE","STE_MAP2K1"
"MAP2K1","TK",NA,"STE","STE_MAP2K1"
"MAP2K1","WSUDLCL2",-1.43716602706508,"STE","STE_MAP2K1"
"TTK","A3KAW",0.262374680080957,"OTHER","OTHER_TTK"
"TTK","A4Fuk",0.153363056525245,"OTHER","OTHER_TTK"
"TTK","DB",-1.54447364870098,"OTHER","OTHER_TTK"
"TTK","HT",0.762105395051971,"OTHER","OTHER_TTK"
"TTK","MC116",NA,"OTHER","OTHER_TTK"
"TTK","NUDUL1",NA,"OTHER","OTHER_TTK"
"TTK","SLVL",NA,"OTHER","OTHER_TTK"
"TTK","SUDHL16",0.825470818932983,"OTHER","OTHER_TTK"
"TTK","TK",0.863782539140246,"OTHER","OTHER_TTK"
"TTK","WSUDLCL2",-0.979990850879107,"OTHER","OTHER_TTK"
"BTK","A3KAW",0.360322168133714,"TYR","TYR_BTK"
"BTK","A4Fuk",2.31278583775478,"TYR","TYR_BTK"
"BTK","DB",1.41750810830963,"TYR","TYR_BTK"
"BTK","HT",0.571088033771379,"TYR","TYR_BTK"
"BTK","MC116",0.767163495608054,"TYR","TYR_BTK"
"BTK","NUDUL1",-0.944668357528744,"TYR","TYR_BTK"
"BTK","SLVL",-0.624324673239391,"TYR","TYR_BTK"
"BTK","SUDHL16",-1.51960221304914,"TYR","TYR_BTK"
"BTK","TK",0.0767488690297569,"TYR","TYR_BTK"
"BTK","WSUDLCL2",1.62857273797785,"TYR","TYR_BTK"
